tla,weighted_tractor_count,annual_diesel_litres,weighted_scr_tractor_count,scr_diesel_litres,regional_diesel_ml,regional_scr_diesel_ml,def_low_ml,def_central_ml,def_high_ml,scenario_name
ASHBURTON DISTRICT,1768.5379074900893,11548300.232706267,239.66102559550527,2985037.5965857846,11.548300232706268,2.9850375965857845,0.08955112789757354,0.11940150386343139,0.14925187982928925,baseline_current_structure
AUCKLAND,2522.8001626490627,16627994.866371708,362.70160355273447,4528224.253227087,16.627994866371708,4.528224253227087,0.1358467275968126,0.18112897012908347,0.22641121266135433,baseline_current_structure
BULLER DISTRICT,110.99713321151451,748931.9635990345,16.121738724531827,200644.53430079544,0.7489319635990345,0.20064453430079543,0.0060193360290238624,0.008025781372031818,0.010032226715039772,baseline_current_structure
CARTERTON DISTRICT,126.71879058284951,826652.6635896172,16.423336795602893,204786.00954928139,0.8266526635896172,0.2047860095492814,0.006143580286478441,0.008191440381971254,0.01023930047746407,baseline_current_structure
CENTRAL HAWKE'S BAY DISTRICT,212.0013218261553,1400534.2712112344,30.524121420046566,381599.1878636669,1.4005342712112343,0.3815991878636669,0.011447975635910006,0.015263967514546678,0.019079959393183347,baseline_current_structure
CENTRAL OTAGO DISTRICT,466.7035038640905,3072535.368262651,64.3155855091766,798846.9146038336,3.072535368262651,0.7988469146038336,0.023965407438115007,0.03195387658415334,0.03994234573019168,baseline_current_structure
CHRISTCHURCH CITY,910.2324161618305,5884893.0877872845,123.39638925982115,1541085.4091238128,5.884893087787285,1.5410854091238129,0.04623256227371438,0.06164341636495251,0.07705427045619065,baseline_current_structure
CLUTHA DISTRICT,536.8790288724092,3503162.937645409,71.1301962479989,883958.5262500416,3.503162937645409,0.8839585262500416,0.026518755787501246,0.035358341050001664,0.04419792631250208,baseline_current_structure
DUNEDIN CITY,429.20204913159955,2710703.263443168,50.336132516199264,624952.5973593089,2.710703263443168,0.6249525973593089,0.018748577920779264,0.024998103894372355,0.03124762986796544,baseline_current_structure
FAR NORTH DISTRICT,412.21824234028065,2508542.869588297,42.20758767497332,523738.23337384505,2.5085428695882968,0.5237382333738451,0.01571214700121535,0.020949529334953806,0.026186911668692255,baseline_current_structure
GISBORNE DISTRICT,499.97360456645214,3139883.1708488776,58.95924803901248,732972.0002837434,3.1398831708488775,0.7329720002837433,0.0219891600085123,0.029318880011349736,0.03664860001418717,baseline_current_structure
GORE DISTRICT,621.7518611502518,4124921.6252985164,87.98069073511795,1094789.7251794226,4.124921625298517,1.0947897251794227,0.03284369175538268,0.04379158900717691,0.05473948625897113,baseline_current_structure
GREY DISTRICT,115.42613003486466,734480.4283165991,14.359191490349376,178837.72977783356,0.7344804283165991,0.17883772977783358,0.005365131893335007,0.007153509191113342,0.008941886488891678,baseline_current_structure
HAMILTON CITY,861.3882938515482,5809363.23334527,131.84357140339355,1646712.6605495783,5.8093632333452705,1.6467126605495783,0.049401379816487345,0.06586850642198312,0.08233563302747893,baseline_current_structure
HASTINGS DISTRICT,771.7659136619548,5259960.600140723,126.58239313383072,1583852.5098125988,5.259960600140723,1.5838525098125988,0.047515575294377964,0.06335410039250396,0.07919262549062994,baseline_current_structure
HAURAKI DISTRICT,288.3315059921745,1830579.2605902727,36.231037272989155,451289.3729538431,1.8305792605902726,0.4512893729538431,0.013538681188615292,0.018051574918153724,0.022564468647692158,baseline_current_structure
HOROWHENUA DISTRICT,382.0555675313023,2420545.2086886894,46.210150664379604,573893.0408663432,2.4205452086886896,0.5738930408663432,0.017216791225990295,0.022955721634653727,0.02869465204331716,baseline_current_structure
HURUNUI DISTRICT,323.0692323905395,2075917.867712996,39.64296740052891,493300.15349303395,2.075917867712996,0.49330015349303397,0.014799004604791019,0.01973200613972136,0.024665007674651702,baseline_current_structure
INVERCARGILL CITY,845.9160075431454,5592236.411996629,117.98873378152348,1469789.550167262,5.5922364119966295,1.469789550167262,0.04409368650501786,0.05879158200669048,0.07348947750836311,baseline_current_structure
KAIKOURA DISTRICT,60.350164344238564,356117.72678555787,5.5729268774756315,68724.41911520968,0.35611772678555786,0.06872441911520967,0.00206173257345629,0.002748976764608387,0.0034362209557604836,baseline_current_structure
KAIPARA DISTRICT,296.0282722047645,1810338.9632744922,29.720599939824872,367910.15766698326,1.8103389632744922,0.36791015766698326,0.011037304730009497,0.01471640630667933,0.018395507883349163,baseline_current_structure
KAPITI COAST DISTRICT,119.08142340566626,697140.8817103086,11.39440668429224,141681.14294419874,0.6971408817103086,0.14168114294419873,0.004250434288325962,0.00566724571776795,0.007084057147209937,baseline_current_structure
KAWERAU DISTRICT,5.028401204787997,26243.188880353613,0.3757365966198346,4700.465820783177,0.026243188880353614,0.0047004658207831776,0.0001410139746234953,0.00018801863283132708,0.00023502329103915887,baseline_current_structure
LOWER HUTT CITY,39.26108811759057,249045.79789182649,4.758879599592345,59360.517770074155,0.2490457978918265,0.05936051777007415,0.0017808155331022247,0.0023744207108029663,0.0029680258885037077,baseline_current_structure
MACKENZIE DISTRICT,187.65783566349472,1234564.2757044004,25.191152454475933,312681.91797238216,1.2345642757044004,0.31268191797238215,0.009380457539171464,0.012507276718895287,0.01563409589861911,baseline_current_structure
MANAWATU DISTRICT,383.8805722953612,2545036.6168247657,53.498701317280755,665006.6250174436,2.5450366168247656,0.6650066250174436,0.019950198750523306,0.026600265000697742,0.03325033125087218,baseline_current_structure
MARLBOROUGH DISTRICT,1412.8133844334366,9615131.293152664,216.65834957456315,2701453.2056019246,9.615131293152665,2.7014532056019247,0.08104359616805773,0.10805812822407698,0.13507266028009624,baseline_current_structure
MASTERTON DISTRICT,197.97359628602888,1261319.1786322347,24.209217740970896,301264.9398712507,1.2613191786322346,0.3012649398712507,0.00903794819613752,0.012050597594850028,0.015063246993562537,baseline_current_structure
MATAMATA-PIAKO DISTRICT,1090.8343014353588,7232557.854348387,153.46685809073182,1914082.9306251842,7.232557854348387,1.9140829306251843,0.057422487918755524,0.07656331722500737,0.09570414653125922,baseline_current_structure
NAPIER CITY,238.3687935075635,1552599.9340525512,31.551570767566997,392143.16384529753,1.5525999340525511,0.3921431638452975,0.011764294915358926,0.0156857265538119,0.019607158192264877,baseline_current_structure
NELSON CITY,111.55933931646068,690367.1495025452,12.689114900213148,157838.2590269448,0.6903671495025453,0.15783825902694482,0.004735147770808344,0.006313530361077793,0.007891912951347241,baseline_current_structure
NEW PLYMOUTH DISTRICT,522.9005177726485,3186451.35092871,51.444777603193465,637134.0157966003,3.18645135092871,0.6371340157966002,0.019114020473898007,0.02548536063186401,0.031856700789830016,baseline_current_structure
OPOTIKI DISTRICT,117.95395062300415,728888.7409642247,13.253090273306857,164251.0183011138,0.7288887409642246,0.1642510183011138,0.004927530549033414,0.006570040732044552,0.00821255091505569,baseline_current_structure
OTOROHANGA DISTRICT,268.179886942269,1753482.9923406693,36.48833496016243,454731.6921786621,1.7534829923406692,0.4547316921786621,0.013641950765359862,0.018189267687146488,0.022736584608933106,baseline_current_structure
PALMERSTON NORTH CITY,742.2436245459617,4810163.628036168,99.01126400608717,1236150.1508692638,4.810163628036168,1.2361501508692638,0.037084504526077915,0.04944600603477055,0.061807507543463196,baseline_current_structure
PORIRUA CITY,50.5593880532853,341379.92323208926,7.130150018078263,89261.12524634492,0.34137992323208927,0.08926112524634491,0.0026778337573903476,0.003570445009853797,0.004463056262317246,baseline_current_structure
QUEENSTOWN-LAKES DISTRICT,210.0831162620112,1359259.2702183127,25.87558088004898,321181.1112077174,1.3592592702183128,0.32118111120771736,0.00963543333623152,0.012847244448308696,0.01605905556038587,baseline_current_structure
RANGITIKEI DISTRICT,352.959699402742,2337476.6882684147,50.92448465913343,635514.4188864813,2.337476688268415,0.6355144188864813,0.019065432566594438,0.025420576755459254,0.03177572094432407,baseline_current_structure
ROTORUA DISTRICT,429.4056990569468,2966561.0073546087,68.96938542879732,860055.4434009755,2.966561007354609,0.8600554434009755,0.025801663302029265,0.03440221773603902,0.04300277217004878,baseline_current_structure
RUAPEHU DISTRICT,165.24533955955798,1055271.27113511,20.494995239665712,255249.64309591497,1.05527127113511,0.25524964309591497,0.007657489292877449,0.010209985723836598,0.01276248215479575,baseline_current_structure
SELWYN DISTRICT,605.2736196007075,3797852.398273555,72.18360986823642,898637.2111773636,3.7978523982735553,0.8986372111773636,0.026959116335320908,0.03594548844709455,0.044931860558868185,baseline_current_structure
SOUTH TARANAKI DISTRICT,554.135716787623,3536371.3063141634,67.94448954206935,844696.6592930361,3.5363713063141633,0.8446966592930361,0.02534089977879108,0.033787866371721445,0.04223483296465181,baseline_current_structure
SOUTH WAIKATO DISTRICT,382.20960258690394,2628109.140136822,59.80476475797972,743875.7337937363,2.628109140136822,0.7438757337937363,0.02231627201381209,0.029755029351749455,0.037193786689686814,baseline_current_structure
SOUTH WAIRARAPA DISTRICT,181.18561842244236,1186689.7250214266,23.114270600314338,287562.95679299626,1.1866897250214266,0.28756295679299626,0.008626888703789888,0.011502518271719851,0.014378147839649814,baseline_current_structure
SOUTHLAND DISTRICT,1365.854155895003,9068056.144146442,193.24408664078481,2406377.149189037,9.068056144146443,2.4063771491890367,0.07219131447567109,0.09625508596756148,0.12031885745945184,baseline_current_structure
STRATFORD DISTRICT,177.67941822812466,1121563.5026361325,20.67162743311976,256512.73436295052,1.1215635026361326,0.2565127343629505,0.0076953820308885154,0.01026050937451802,0.012825636718147527,baseline_current_structure
TARARUA DISTRICT,378.72916167592155,2451797.34571993,51.53679378151237,642865.4950471334,2.4517973457199296,0.6428654950471334,0.019285964851414,0.025714619801885337,0.03214327475235667,baseline_current_structure
TASMAN DISTRICT,867.4433169845639,5331595.61090429,93.46265583431955,1161143.368064119,5.33159561090429,1.161143368064119,0.034834301041923574,0.04644573472256476,0.058057168403205954,baseline_current_structure
TAUPO DISTRICT,263.894756075808,1831842.4403939235,43.10634557608136,537643.9729611243,1.8318424403939235,0.5376439729611243,0.01612931918883373,0.021505758918444973,0.026882198648056216,baseline_current_structure
TAURANGA CITY,382.9281411902174,2538127.453650063,57.075261007279046,713739.9696356533,2.538127453650063,0.7137399696356533,0.0214121990890696,0.028549598785426133,0.03568699848178267,baseline_current_structure
THAMES-COROMANDEL DISTRICT,244.27677480252848,1538580.2898240061,28.660898620580916,356823.7344685892,1.5385802898240062,0.35682373446858917,0.010704712034057675,0.014272949378743568,0.017841186723429457,baseline_current_structure
TIMARU DISTRICT,1073.4325028653561,6884044.131514043,134.50010091614618,1672173.8566820326,6.884044131514043,1.6721738566820326,0.05016521570046097,0.0668869542672813,0.08360869283410163,baseline_current_structure
UPPER HUTT CITY,36.462010074983354,225244.0613573451,3.7465587572580556,46264.10662734358,0.22524406135734512,0.04626410662734358,0.0013879231988203073,0.0018505642650937433,0.002313205331367179,baseline_current_structure
WAIKATO DISTRICT,733.0743901278075,4795341.988475543,96.54456925135821,1199300.4475800975,4.795341988475544,1.1993004475800975,0.03597901342740292,0.0479720179032039,0.059965022379004876,baseline_current_structure
WAIMAKARIRI DISTRICT,504.51979793761245,3047790.030293393,52.42297555158805,652242.3794149911,3.047790030293393,0.6522423794149911,0.019567271382449732,0.026089695176599644,0.03261211897074956,baseline_current_structure
WAIMATE DISTRICT,363.94010130108524,2351741.345819783,47.854417966733415,596263.9391507102,2.351741345819783,0.5962639391507102,0.017887918174521306,0.02385055756602841,0.029813196957535513,baseline_current_structure
WAIPA DISTRICT,842.1897176348002,5534265.582287926,112.21557704651269,1397914.1760574244,5.534265582287926,1.3979141760574243,0.04193742528172273,0.05591656704229698,0.06989570880287121,baseline_current_structure
WAIROA DISTRICT,63.73102903949461,388381.0478057118,6.631125496907936,82223.35315866796,0.3883810478057118,0.08222335315866797,0.0024667005947600386,0.0032889341263467185,0.004111167657933398,baseline_current_structure
WAITAKI DISTRICT,695.762179642879,4430342.683132397,86.48610009691055,1075200.5182717298,4.430342683132397,1.07520051827173,0.03225601554815189,0.0430080207308692,0.053760025913586494,baseline_current_structure
WAITOMO DISTRICT,139.82951290958047,937447.5132435093,20.844385238804286,259358.9051245394,0.9374475132435094,0.2593589051245394,0.007780767153736181,0.010374356204981576,0.01296794525622697,baseline_current_structure
WELLINGTON CITY,291.47978273623136,2092646.0661883147,53.39910653735579,666812.3071832261,2.0926460661883146,0.6668123071832261,0.020004369215496785,0.026672492287329045,0.0333406153591613,baseline_current_structure
WESTERN BAY OF PLENTY DISTRICT,570.1718752248761,3746247.264286272,84.53087399541165,1057493.967263568,3.7462472642862723,1.057493967263568,0.03172481901790704,0.04229975869054271,0.0528746983631784,baseline_current_structure
WESTLAND DISTRICT,110.95131434582247,705193.1710153457,11.910857791856657,147146.5157533739,0.7051931710153457,0.14714651575337392,0.0044143954726012175,0.005885860630134956,0.0073573257876686955,baseline_current_structure
WHAKATANE DISTRICT,328.42041928748796,2137458.978949544,43.32656306358301,539603.9322812092,2.137458978949544,0.5396039322812092,0.016188117968436274,0.02158415729124837,0.02698019661406046,baseline_current_structure
WHANGANUI DISTRICT,168.7257309555788,1058641.6264701472,20.861129286622088,260046.91427992278,1.0586416264701473,0.26004691427992277,0.007801407428397683,0.010401876571196912,0.013002345713996138,baseline_current_structure
WHANGAREI DISTRICT,622.5160584335971,4137983.8525616676,92.68660187099118,1160278.7808322627,4.137983852561668,1.1602787808322628,0.03480836342496788,0.04641115123329051,0.05801393904161314,baseline_current_structure
,97.84386394766989,667124.738184593,15.941493639885934,199135.85445683368,0.6671247381845931,0.19913585445683368,0.00597407563370501,0.007965434178273348,0.009956792722841685,baseline_current_structure
ASHBURTON DISTRICT,1768.537907490089,12343465.21835919,337.4078583284431,4318254.761080459,12.343465218359189,4.318254761080459,0.12954764283241374,0.17273019044321836,0.21591273805402295,moderate_modernization
AUCKLAND,2522.8001626490627,17758186.245883647,502.82427609861816,6458603.610602556,17.758186245883646,6.458603610602556,0.19375810831807666,0.25834414442410225,0.32293018053012784,moderate_modernization
BULLER DISTRICT,110.99713321151451,798450.3480110958,22.726545230998433,290675.6238808094,0.7984503480110958,0.2906756238808094,0.00872026871642428,0.011627024955232377,0.014533781194040472,moderate_modernization
CARTERTON DISTRICT,126.71879058284952,886228.6002731058,23.41436913505774,299326.64350850653,0.8862286002731058,0.2993266435085065,0.008979799305255196,0.011973065740340263,0.014966332175425326,moderate_modernization
CENTRAL HAWKE'S BAY DISTRICT,212.0013218261553,1504660.6339595688,42.453060530952506,545477.1692388107,1.5046606339595687,0.5454771692388106,0.01636431507716432,0.02181908676955243,0.027273858461940532,moderate_modernization
CENTRAL OTAGO DISTRICT,466.7035038640905,3290744.416899901,90.87567147866957,1160571.0648773655,3.290744416899901,1.1605710648773655,0.03481713194632097,0.04642284259509462,0.058028553243868276,moderate_modernization
CHRISTCHURCH CITY,910.2324161618305,6285738.475479837,171.84664229539868,2206296.9193271208,6.285738475479836,2.2062969193271207,0.06618890757981362,0.08825187677308484,0.11031484596635605,moderate_modernization
CLUTHA DISTRICT,536.8790288724092,3748425.258875606,101.03209171171402,1289731.0730155117,3.748425258875606,1.2897310730155118,0.03869193219046535,0.05158924292062047,0.06448655365077559,moderate_modernization
DUNEDIN CITY,429.20204913159955,2896561.2930856436,72.58229936077657,924109.9240011557,2.8965612930856435,0.9241099240011557,0.027723297720034668,0.03696439696004623,0.04620549620005779,moderate_modernization
FAR NORTH DISTRICT,412.21824234028065,2688726.8822362125,61.832356456587235,785289.7941638221,2.6887268822362125,0.785289794163822,0.023558693824914663,0.031411591766552886,0.0392644897081911,moderate_modernization
GISBORNE DISTRICT,499.9736045664522,3352740.6531149116,84.29663940689085,1075332.869181526,3.3527406531149118,1.0753328691815258,0.03225998607544578,0.043013314767261036,0.053766643459076294,moderate_modernization
GORE DISTRICT,621.7518611502518,4403244.164200448,123.66577739619777,1582198.5935660338,4.403244164200449,1.5821985935660337,0.047465957806981006,0.06328794374264135,0.07910992967830169,moderate_modernization
GREY DISTRICT,115.42613003486466,788901.962678039,20.37905369746254,260512.0891146245,0.788901962678039,0.26051208911462453,0.007815362673438735,0.01042048356458498,0.013025604455731227,moderate_modernization
HAMILTON CITY,861.3882938515482,6216272.544886762,182.160120659909,2341519.946941412,6.216272544886762,2.341519946941412,0.07024559840824235,0.09366079787765648,0.11707599734707061,moderate_modernization
HASTINGS DISTRICT,771.7659136619548,5626053.142419158,172.1541588971698,2220460.9514018577,5.626053142419158,2.220460951401858,0.06661382854205572,0.0888184380560743,0.11102304757009289,moderate_modernization
HAURAKI DISTRICT,288.3315059921745,1955672.1783336173,51.1804437662284,654729.3353255237,1.9556721783336173,0.6547293353255238,0.01964188005976571,0.02618917341302095,0.03273646676627619,moderate_modernization
HOROWHENUA DISTRICT,382.0555675313023,2591095.199292606,66.19579668929839,843706.1965030864,2.591095199292606,0.8437061965030863,0.02531118589509259,0.033748247860123454,0.04218530982515432,moderate_modernization
HURUNUI DISTRICT,323.0692323905395,2221861.357849451,56.98437658914172,726775.7270852246,2.2218613578494506,0.7267757270852245,0.021803271812556736,0.029071029083408983,0.03633878635426123,moderate_modernization
INVERCARGILL CITY,845.9160075431454,5970750.790352037,165.9473375455134,2124324.529329329,5.970750790352037,2.124324529329329,0.06372973587987986,0.08497298117317316,0.10621622646646645,moderate_modernization
KAIKOURA DISTRICT,60.350164344238564,381984.3013837416,8.306761352414508,104888.9030411401,0.3819843013837416,0.1048889030411401,0.003146667091234203,0.004195556121645605,0.005244445152057005,moderate_modernization
KAIPARA DISTRICT,296.0282722047645,1937902.0115400665,44.12223949257174,558612.5303998056,1.9379020115400665,0.5586125303998056,0.016758375911994167,0.022344501215992227,0.027930626519990284,moderate_modernization
KAPITI COAST DISTRICT,119.08142340566626,745500.8267812424,16.459317314879435,209688.1076018145,0.7455008267812424,0.2096881076018145,0.006290643228054435,0.00838752430407258,0.010484405380090727,moderate_modernization
KAWERAU DISTRICT,5.028401204787997,29377.79459490565,0.5322607316602835,6823.563507552572,0.029377794594905648,0.006823563507552572,0.00020470690522657716,0.0002729425403021029,0.00034117817537762863,moderate_modernization
LOWER HUTT CITY,39.26108811759057,267927.18173231755,6.787223268804068,86780.29649578533,0.26792718173231755,0.08678029649578532,0.00260340889487356,0.003471211859831413,0.004339014824789267,moderate_modernization
MACKENZIE DISTRICT,187.65783566349475,1319837.2976190166,35.8929534363028,457673.22006291366,1.3198372976190167,0.45767322006291367,0.01373019660188741,0.018306928802516546,0.022883661003145685,moderate_modernization
MANAWATU DISTRICT,383.8805722953613,2720834.679463043,75.61786521844898,966103.5926533294,2.7208346794630427,0.9661035926533293,0.02898310777959988,0.03864414370613317,0.04830517963266647,moderate_modernization
MARLBOROUGH DISTRICT,1412.8133844334366,10285705.768234024,301.32614323486246,3865682.392465103,10.285705768234024,3.865682392465103,0.11597047177395309,0.15462729569860412,0.19328411962325515,moderate_modernization
MASTERTON DISTRICT,197.97359628602888,1351928.810975233,34.56729267249523,441294.91931092914,1.351928810975233,0.4412949193109291,0.013238847579327874,0.017651796772437167,0.02206474596554646,moderate_modernization
MATAMATA-PIAKO DISTRICT,1090.8343014353588,7744002.889019983,215.55291214821597,2761860.0435949666,7.744002889019983,2.7618600435949667,0.08285580130784899,0.11047440174379866,0.13809300217974835,moderate_modernization
NAPIER CITY,238.36879350756354,1658652.0954551727,44.67783824319163,570618.4557944594,1.6586520954551727,0.5706184557944595,0.017118553673833782,0.02282473823177838,0.02853092278972297,moderate_modernization
NELSON CITY,111.5593393164607,736922.7293348853,18.113858946111165,231196.25245261693,0.7369227293348852,0.23119625245261693,0.0069358875735785076,0.009247850098104677,0.011559812622630847,moderate_modernization
NEW PLYMOUTH DISTRICT,522.9005177726485,3404316.664032081,76.60475748529636,969725.9380432786,3.404316664032081,0.9697259380432787,0.029091778141298357,0.03878903752173114,0.04848629690216394,moderate_modernization
OPOTIKI DISTRICT,117.95395062300415,780837.5454449016,19.069317385911443,242610.61494230537,0.7808375454449016,0.24261061494230537,0.007278318448269161,0.009704424597692215,0.01213053074711527,moderate_modernization
OTOROHANGA DISTRICT,268.179886942269,1867926.9303823388,51.28957681345938,656788.8338392316,1.867926930382339,0.6567888338392316,0.01970366501517695,0.026271553353569267,0.03283944169196158,moderate_modernization
PALMERSTON NORTH CITY,742.2436245459618,5151326.998569119,138.86818543542117,1780735.439847501,5.151326998569119,1.780735439847501,0.05342206319542503,0.07122941759390004,0.08903677199237506,moderate_modernization
PORIRUA CITY,50.55938805328531,363060.91835588193,10.05381578454536,129028.9124788747,0.36306091835588195,0.1290289124788747,0.0038708673743662408,0.005161156499154988,0.006451445623943735,moderate_modernization
QUEENSTOWN-LAKES DISTRICT,210.08311626201117,1451011.1671074436,37.430029501521695,476279.3860141375,1.4510111671074435,0.4762793860141375,0.014288381580424125,0.0190511754405655,0.023813969300706873,moderate_modernization
RANGITIKEI DISTRICT,352.959699402742,2501185.8383714887,70.82962298921649,909126.2996018428,2.5011858383714887,0.9091262996018428,0.027273788988055284,0.036365051984073714,0.04545631498009214,moderate_modernization
ROTORUA DISTRICT,429.4056990569468,3169835.5777497753,95.50960964416319,1226127.1869264375,3.169835577749775,1.2261271869264376,0.036783815607793126,0.049045087477057506,0.06130635934632188,moderate_modernization
RUAPEHU DISTRICT,165.245339559558,1130215.0124209477,29.18507743232145,372899.7093161566,1.1302150124209476,0.37289970931615657,0.011186991279484696,0.014915988372646263,0.01864498546580783,moderate_modernization
SELWYN DISTRICT,605.2736196007075,4050747.2282126336,102.67725140895814,1311815.6567010975,4.050747228212634,1.3118156567010975,0.03935446970103292,0.0524726262680439,0.06559078283505489,moderate_modernization
SOUTH TARANAKI DISTRICT,554.1357167876229,3788970.1882680366,97.23714993515603,1240260.1924733098,3.7889701882680367,1.2402601924733099,0.0372078057741993,0.04961040769893239,0.062013009623665495,moderate_modernization
SOUTH WAIKATO DISTRICT,382.209602586904,2806188.697794852,83.48874320022624,1068947.9498497886,2.806188697794852,1.0689479498497885,0.03206843849549365,0.04275791799399154,0.053447397492489425,moderate_modernization
SOUTH WAIRARAPA DISTRICT,181.18561842244236,1267842.9251917708,33.27380120528331,424234.29735315614,1.2678429251917707,0.42423429735315615,0.012727028920594685,0.016969371894126246,0.021211714867657806,moderate_modernization
SOUTHLAND DISTRICT,1365.854155895003,9691539.430016793,271.7751707080812,3478337.1383301904,9.691539430016793,3.4783371383301906,0.1043501141499057,0.13913348553320762,0.17391685691650954,moderate_modernization
STRATFORD DISTRICT,177.6794182281247,1200005.8841792848,29.952708979635524,380982.90712346573,1.2000058841792849,0.3809829071234657,0.011429487213703972,0.01523931628493863,0.01904914535617329,moderate_modernization
TARARUA DISTRICT,378.72916167592155,2625750.6801952585,71.91937800179483,922424.6792402565,2.6257506801952584,0.9224246792402565,0.027672740377207693,0.03689698716961026,0.046121233962012835,moderate_modernization
TASMAN DISTRICT,867.4433169845639,5685394.603051172,135.1701359942104,1720904.4633219168,5.685394603051171,1.7209044633219168,0.0516271338996575,0.06883617853287667,0.08604522316609585,moderate_modernization
TAUPO DISTRICT,263.894756075808,1957321.377510271,59.666983334219665,766127.407450353,1.9573213775102711,0.766127407450353,0.02298382222351059,0.030645096298014124,0.038306370372517655,moderate_modernization
TAURANGA CITY,382.9281411902174,2712763.8078634427,78.46641951833007,1010099.9473156361,2.7127638078634426,1.010099947315636,0.030302998419469082,0.04040399789262545,0.050504997365781804,moderate_modernization
THAMES-COROMANDEL DISTRICT,244.27677480252848,1641572.5620908092,41.080573996627656,524301.3965038328,1.6415725620908093,0.5243013965038328,0.01572904189511498,0.020972055860153313,0.02621506982519164,moderate_modernization
TIMARU DISTRICT,1073.4325028653561,7355721.816843451,191.95962004549904,2449422.505779448,7.355721816843451,2.449422505779448,0.07348267517338344,0.09797690023117792,0.1224711252889724,moderate_modernization
UPPER HUTT CITY,36.462010074983354,241462.7840133533,5.576991973959037,70485.43986293874,0.24146278401335328,0.07048543986293875,0.0021145631958881623,0.0028194175945175496,0.0035242719931469373,moderate_modernization
WAIKATO DISTRICT,733.0743901278074,5128171.5963164745,137.73292741454787,1756742.9113215609,5.1281715963164745,1.756742911321561,0.05270228733964682,0.07026971645286244,0.08783714556607805,moderate_modernization
WAIMAKARIRI DISTRICT,504.51979793761245,3252814.4210392656,75.59050894032791,963585.0734757709,3.2528144210392655,0.9635850734757709,0.028907552204273126,0.03854340293903084,0.048179253673788544,moderate_modernization
WAIMATE DISTRICT,363.94010130108524,2512960.992525451,67.49752073273051,863818.1410200758,2.512960992525451,0.8638181410200758,0.02591454423060227,0.03455272564080303,0.04319090705100379,moderate_modernization
WAIPA DISTRICT,842.1897176348002,5913468.358828497,159.46946142118583,2038440.873249095,5.9134683588284975,2.038440873249095,0.06115322619747285,0.0815376349299638,0.10192204366245476,moderate_modernization
WAIROA DISTRICT,63.731029039494615,413982.7171053804,9.656235616157007,122686.35820249424,0.41398271710538037,0.12268635820249424,0.003680590746074827,0.00490745432809977,0.006134317910124713,moderate_modernization
WAITAKI DISTRICT,695.762179642879,4740448.044169086,123.09596469784248,1571284.8167618546,4.740448044169086,1.5712848167618545,0.04713854450285564,0.06285139267047418,0.07856424083809274,moderate_modernization
WAITOMO DISTRICT,139.82951290958047,1002106.5254090114,28.997529860972023,371530.308471114,1.0021065254090114,0.371530308471114,0.011145909254133422,0.014861212338844562,0.018576515423555703,moderate_modernization
WELLINGTON CITY,291.47978273623136,2236324.386105522,72.79691526283497,937470.0035034483,2.236324386105522,0.9374700035034483,0.028124100105103446,0.037498800140137935,0.04687350017517242,moderate_modernization
WESTERN BAY OF PLENTY DISTRICT,570.1718752248761,4014062.4743591165,115.67038978300027,1490406.8286568718,4.0140624743591165,1.490406828656872,0.04471220485970615,0.05961627314627487,0.07452034143284358,moderate_modernization
WESTLAND DISTRICT,110.95131434582247,752802.1490138766,17.908775873522913,226101.50223416206,0.7528021490138765,0.22610150223416206,0.006783045067024862,0.009044060089366483,0.011305075111708104,moderate_modernization
WHAKATANE DISTRICT,328.42041928748796,2288493.993545537,61.355632561703324,784563.8810251366,2.288493993545537,0.7845638810251365,0.023536916430754097,0.031382555241005465,0.03922819405125683,moderate_modernization
WHANGANUI DISTRICT,168.7257309555788,1134506.8285603896,29.37777116029517,376154.9410127642,1.1345068285603896,0.3761549410127642,0.011284648230382926,0.015046197640510567,0.01880774705063821,moderate_modernization
WHANGAREI DISTRICT,622.5160584335971,4424958.927507973,127.59216676641518,1643207.7744359975,4.424958927507974,1.6432077744359974,0.049296233233079925,0.0657283109774399,0.08216038872179988,moderate_modernization
,97.84386394766989,713768.047315107,21.760059699640767,280229.7051790723,0.713768047315107,0.28022970517907225,0.008406891155372168,0.011209188207162891,0.014011485258953614,moderate_modernization
ASHBURTON DISTRICT,1768.537907490089,13103037.402600698,435.1546910613811,5651471.925575133,13.103037402600698,5.651471925575134,0.16954415776725398,0.22605887702300534,0.28257359627875667,accelerated_modernization
AUCKLAND,2522.8001626490627,18849944.903434332,642.9469486445018,8388982.967978027,18.84994490343433,8.388982967978027,0.2516694890393408,0.3355593187191211,0.41944914839890135,accelerated_modernization
BULLER DISTRICT,110.99713321151451,847351.3145895278,29.331351737465035,380706.7134608233,0.8473513145895278,0.3807067134608233,0.011421201403824698,0.015228268538432933,0.019035335673041165,accelerated_modernization
CARTERTON DISTRICT,126.71879058284951,941813.9379084541,30.405401474512587,393867.27746773174,0.9418139379084541,0.39386727746773176,0.011816018324031952,0.01575469109870927,0.019693363873386587,accelerated_modernization
CENTRAL HAWKE'S BAY DISTRICT,212.0013218261553,1602402.0849060698,54.38199964185844,709355.1506139543,1.6024020849060698,0.7093551506139543,0.02128065451841863,0.02837420602455817,0.03546775753069772,accelerated_modernization
CENTRAL OTAGO DISTRICT,466.7035038640905,3498641.241394793,117.43575744816255,1522295.2151508976,3.498641241394793,1.5222952151508977,0.045668856454526924,0.06089180860603591,0.07611476075754488,accelerated_modernization
CHRISTCHURCH CITY,910.2324161618305,6667424.857050524,220.2968953309762,2871508.429530429,6.667424857050524,2.8715084295304294,0.08614525288591288,0.11486033718121717,0.14357542147652147,accelerated_modernization
CLUTHA DISTRICT,536.8790288724092,3981195.408226435,130.93398717542914,1695503.6197809817,3.981195408226435,1.6955036197809816,0.050865108593429444,0.06782014479123927,0.08477518098904908,accelerated_modernization
DUNEDIN CITY,429.2020491315995,3069758.602709096,94.82846620535389,1223267.2506430023,3.0697586027090957,1.2232672506430022,0.03669801751929007,0.0489306900257201,0.061163362532150115,accelerated_modernization
FAR NORTH DISTRICT,412.2182423402806,2849589.2010648046,81.45712523820116,1046841.354953799,2.8495892010648047,1.0468413549537992,0.03140524064861397,0.04187365419815196,0.05234206774768996,accelerated_modernization
GISBORNE DISTRICT,499.97360456645214,3551169.208165539,109.6340307747692,1417693.7380793088,3.551169208165539,1.4176937380793089,0.04253081214237926,0.056707749523172354,0.07088468690396545,accelerated_modernization
GORE DISTRICT,621.7518611502518,4674096.119883652,159.3508640572776,2069607.4619526449,4.674096119883652,2.069607461952645,0.062088223858579344,0.08278429847810578,0.10348037309763225,accelerated_modernization
GREY DISTRICT,115.42613003486466,838674.5768136162,26.398915904575702,342186.4484514155,0.8386745768136162,0.3421864484514155,0.010265593453542466,0.01368745793805662,0.017109322422570777,accelerated_modernization
HAMILTON CITY,861.3882938515482,6610887.896132117,232.4766699164245,3036327.233333246,6.610887896132117,3.036327233333246,0.09108981699999738,0.12145308933332984,0.1518163616666623,accelerated_modernization
HASTINGS DISTRICT,771.7659136619548,5985604.596760672,217.72592466050884,2857069.3929911167,5.9856045967606715,2.8570693929911166,0.0857120817897335,0.11428277571964468,0.14285346964955584,accelerated_modernization
HAURAKI DISTRICT,288.3315059921745,2073334.5986405413,66.12985025946764,858169.2976972044,2.073334598640541,0.8581692976972044,0.02574507893091613,0.03432677190788818,0.04290846488486022,accelerated_modernization
HOROWHENUA DISTRICT,382.05556753130236,2749550.7415918075,86.18144271421717,1113519.3521398294,2.7495507415918072,1.1135193521398294,0.03340558056419488,0.04454077408559318,0.05567596760699147,accelerated_modernization
HURUNUI DISTRICT,323.0692323905395,2357921.1127711073,74.32578577775453,960251.3006774153,2.3579211127711073,0.9602513006774154,0.02880753902032246,0.03841005202709662,0.048012565033870774,accelerated_modernization
INVERCARGILL CITY,845.9160075431454,6336916.387123297,213.9059413095033,2778859.5084913946,6.336916387123297,2.7788595084913945,0.08336578525474184,0.11115438033965579,0.13894297542456974,accelerated_modernization
KAIKOURA DISTRICT,60.350164344238564,404695.3107525578,11.040595827353386,141053.38696707052,0.4046953107525578,0.1410533869670705,0.004231601609012116,0.00564213547868282,0.007052669348353527,accelerated_modernization
KAIPARA DISTRICT,296.02827220476456,2052655.9204389509,58.523879045318594,749314.903132628,2.052655920438951,0.7493149031326279,0.022479447093978838,0.029972596125305118,0.0374657451566314,accelerated_modernization
KAPITI COAST DISTRICT,119.08142340566627,788073.3189132666,21.52422794546663,277695.0722594303,0.7880733189132666,0.2776950722594303,0.008330852167782909,0.011107802890377211,0.013884753612971515,accelerated_modernization
KAWERAU DISTRICT,5.028401204787997,31688.200364964687,0.6887848667007325,8946.661194321969,0.03168820036496469,0.008946661194321968,0.000268399835829659,0.00035786644777287876,0.00044733305971609845,accelerated_modernization
LOWER HUTT CITY,39.26108811759057,284974.04956228007,8.815566938015792,114200.07522149652,0.28497404956228006,0.11420007522149651,0.0034260022566448955,0.004568003008859861,0.0057100037610748255,accelerated_modernization
MACKENZIE DISTRICT,187.65783566349472,1401614.1038980354,46.59475441812966,602664.522153445,1.4016141038980354,0.602664522153445,0.018079935664603353,0.0241065808861378,0.030133226107672252,accelerated_modernization
MANAWATU DISTRICT,383.8805722953612,2890322.3260367243,97.73702911961722,1267200.5602892153,2.890322326036724,1.2672005602892153,0.03801601680867646,0.05068802241156861,0.06336002801446076,accelerated_modernization
MARLBOROUGH DISTRICT,1412.8133844334366,10939574.5517004,385.9939368951617,5029911.57932828,10.9395745517004,5.02991157932828,0.1508973473798484,0.2011964631731312,0.251495578966414,accelerated_modernization
MASTERTON DISTRICT,197.97359628602885,1435449.8002405937,44.925367604019556,581324.8987506076,1.4354498002405938,0.5813248987506077,0.017439746962518227,0.023252995950024304,0.029066244937530385,accelerated_modernization
MATAMATA-PIAKO DISTRICT,1090.8343014353586,8231549.009722415,277.63896620570017,3609637.15656475,8.231549009722416,3.60963715656475,0.10828911469694248,0.14438548626258998,0.1804818578282375,accelerated_modernization
NAPIER CITY,238.36879350756354,1759888.2470355758,57.80410571881626,749093.7477436212,1.759888247035576,0.7490937477436213,0.02247281243230864,0.02996374990974485,0.03745468738718106,accelerated_modernization
NELSON CITY,111.55933931646068,779914.3589013102,23.53860299200918,304554.2458782891,0.7799143589013102,0.3045542458782891,0.009136627376348674,0.012182169835131564,0.015227712293914456,accelerated_modernization
NEW PLYMOUTH DISTRICT,522.9005177726485,3601260.5959788645,101.76473736739926,1302317.8602899574,3.6012605959788644,1.3023178602899574,0.039069535808698715,0.052092714411598295,0.06511589301449787,accelerated_modernization
OPOTIKI DISTRICT,117.95395062300415,828128.8761344745,24.88554449851603,320970.21158349694,0.8281288761344745,0.3209702115834969,0.009629106347504909,0.012838808463339877,0.01604851057917485,accelerated_modernization
OTOROHANGA DISTRICT,268.179886942269,1979304.2526334305,66.09081866675633,858845.9754998013,1.9793042526334306,0.8588459754998014,0.025765379264994042,0.034353839019992054,0.04294229877499007,accelerated_modernization
PALMERSTON NORTH CITY,742.2436245459617,5471261.111306377,178.72510686475516,2325320.7288257387,5.471261111306377,2.3253207288257385,0.06975962186477215,0.09301282915302955,0.11626603644128694,accelerated_modernization
PORIRUA CITY,50.5593880532853,384438.9021414183,12.977481551012456,168796.6997114045,0.3844389021414183,0.1687966997114045,0.005063900991342135,0.0067518679884561806,0.008439834985570225,accelerated_modernization
QUEENSTOWN-LAKES DISTRICT,210.08311626201117,1538203.5722079617,48.9844781229944,631377.6608205575,1.5382035722079617,0.6313776608205575,0.018941329824616725,0.0252551064328223,0.031568883041027875,accelerated_modernization
RANGITIKEI DISTRICT,352.959699402742,2658100.869767887,90.73476131929954,1182738.180317204,2.658100869767887,1.182738180317204,0.035482145409516115,0.04730952721268816,0.0591369090158602,accelerated_modernization
ROTORUA DISTRICT,429.4056990569468,3371405.9333897275,122.04983385952909,1592198.9304519002,3.3714059333897275,1.5921989304519002,0.04776596791355701,0.063687957218076,0.07960994652259501,accelerated_modernization
RUAPEHU DISTRICT,165.245339559558,1199736.0386904175,37.87515962497719,490549.7755363983,1.1997360386904175,0.4905497755363983,0.014716493266091948,0.019621991021455933,0.024527488776819914,accelerated_modernization
SELWYN DISTRICT,605.2736196007075,4287985.274615818,133.17089294967988,1724994.1022248315,4.287985274615818,1.7249941022248314,0.051749823066744936,0.06899976408899326,0.08624970511124158,accelerated_modernization
SOUTH TARANAKI DISTRICT,554.1357167876229,4022936.099952266,126.5298103282427,1635823.7256535836,4.022936099952266,1.6358237256535837,0.04907471176960751,0.06543294902614334,0.08179118628267919,accelerated_modernization
SOUTH WAIKATO DISTRICT,382.20960258690394,2983365.92507817,107.17272164247275,1394020.1659058407,2.98336592507817,1.3940201659058407,0.04182060497717522,0.05576080663623363,0.06970100829529204,accelerated_modernization
SOUTH WAIRARAPA DISTRICT,181.18561842244236,1345006.7636236837,43.433331810252284,560905.6379133159,1.3450067636236838,0.5609056379133159,0.016827169137399477,0.022436225516532637,0.028045281895665797,accelerated_modernization
SOUTHLAND DISTRICT,1365.8541558950028,10294168.12544855,350.3062547753776,4550297.127471344,10.294168125448548,4.550297127471343,0.1365089138241403,0.18201188509885377,0.2275148563735672,accelerated_modernization
STRATFORD DISTRICT,177.6794182281247,1272734.6442511573,39.23379052615129,505453.0798839809,1.2727346442511573,0.5054530798839809,0.015163592396519427,0.020218123195359237,0.02527265399419905,accelerated_modernization
TARARUA DISTRICT,378.72916167592155,2789652.8869478507,92.30196222207726,1201983.8634333797,2.7896528869478505,1.2019838634333797,0.03605951590300139,0.04807935453733519,0.06009919317166899,accelerated_modernization
TASMAN DISTRICT,867.4433169845639,6011087.221886123,176.87761615410122,2280665.5585797145,6.011087221886123,2.2806655585797144,0.06841996675739144,0.09122662234318858,0.11403327792898572,accelerated_modernization
TAUPO DISTRICT,263.894756075808,2082448.2433823363,76.22762109235798,994610.8419395818,2.0824482433823364,0.9946108419395818,0.029838325258187453,0.03978443367758327,0.049730542096979094,accelerated_modernization
TAURANGA CITY,382.92814119021745,2881568.7686496736,99.8575780293811,1306459.924995619,2.8815687686496734,1.306459924995619,0.03919379774986857,0.05225839699982476,0.06532299624978097,accelerated_modernization
THAMES-COROMANDEL DISTRICT,244.2767748025285,1737833.8634823854,53.5002493726744,691779.0585390764,1.7378338634823853,0.6917790585390764,0.02075337175617229,0.027671162341563058,0.03458895292695382,accelerated_modernization
TIMARU DISTRICT,1073.4325028653561,7801003.130784231,249.41913917485192,3226671.1548768636,7.801003130784231,3.2266711548768634,0.09680013464630591,0.12906684619507455,0.16133355774384317,accelerated_modernization
UPPER HUTT CITY,36.46201007498336,256075.04470308303,7.4074251906600175,94706.7730985339,0.256075044703083,0.0947067730985339,0.002841203192956017,0.003788270923941356,0.004735338654926695,accelerated_modernization
WAIKATO DISTRICT,733.0743901278075,5445182.934579273,178.92128557773754,2314185.3750630245,5.445182934579273,2.3141853750630244,0.06942556125189073,0.09256741500252098,0.11570926875315124,accelerated_modernization
WAIMAKARIRI DISTRICT,504.5197979376124,3438614.5877800053,98.75804232906773,1274927.7675365508,3.4386145877800054,1.2749277675365507,0.03824783302609652,0.050997110701462026,0.06374638837682754,accelerated_modernization
WAIMATE DISTRICT,363.94010130108524,2666100.616043666,87.14062349872762,1131372.3428894414,2.666100616043666,1.1313723428894413,0.03394117028668324,0.04525489371557766,0.056568617144472075,accelerated_modernization
WAIPA DISTRICT,842.1897176348002,6275765.478388098,206.72334579585893,2678967.570440765,6.275765478388098,2.678967570440765,0.08036902711322295,0.10715870281763061,0.13394837852203825,accelerated_modernization
WAIROA DISTRICT,63.73102903949461,437489.8407506933,12.68134573540608,163149.36324632057,0.4374898407506933,0.16314936324632057,0.004894480897389617,0.006525974529852823,0.008157468162316028,accelerated_modernization
WAITAKI DISTRICT,695.762179642879,5030208.161000246,159.7058292987744,2067369.1152519793,5.030208161000246,2.0673691152519793,0.062021073457559375,0.08269476461007917,0.10336845576259897,accelerated_modernization
WAITOMO DISTRICT,139.82951290958047,1065074.5663514263,37.15067448313976,483701.71181768854,1.0650745663514263,0.48370171181768856,0.014511051354530655,0.019348068472707543,0.024185085590884427,accelerated_modernization
WELLINGTON CITY,291.47978273623136,2382702.609433873,92.19472398831415,1208127.6998236706,2.3827026094338732,1.2081276998236705,0.03624383099471012,0.04832510799294683,0.060406384991183525,accelerated_modernization
WESTERN BAY OF PLENTY DISTRICT,570.1718752248761,4268597.4651906565,146.8099055705889,1923319.6900501756,4.268597465190656,1.9233196900501757,0.057699590701505266,0.07693278760200703,0.09616598450250878,accelerated_modernization
WESTLAND DISTRICT,110.95131434582248,797287.1628554647,23.906693955189166,305056.48871495016,0.7972871628554647,0.30505648871495017,0.009151694661448504,0.012202259548598007,0.01525282443574751,accelerated_modernization
WHAKATANE DISTRICT,328.42041928748796,2430765.0714173242,79.38470205982364,1029523.8297690642,2.430765071417324,1.0295238297690643,0.030885714893071927,0.04118095319076257,0.05147619148845321,accelerated_modernization
WHANGANUI DISTRICT,168.7257309555788,1204390.5999365314,37.89441303396824,492262.9677456055,1.2043905999365314,0.4922629677456055,0.014767889032368165,0.01969051870982422,0.02461314838728028,accelerated_modernization
WHANGAREI DISTRICT,622.5160584335971,4701346.674879669,162.49773166183917,2126136.7680397322,4.7013466748796695,2.126136768039732,0.06378410304119196,0.08504547072158929,0.10630683840198663,accelerated_modernization
,97.84386394766987,759549.3153501122,27.578625759395592,361323.5559013109,0.7595493153501122,0.3613235559013109,0.010839706677039325,0.014452942236052434,0.018066177795065544,accelerated_modernization
ASHBURTON DISTRICT,1768.537907490089,13289386.139312841,427.53093215628155,5741234.980944644,13.28938613931284,5.741234980944644,0.1722370494283393,0.22964939923778574,0.2870617490472322,scr_push
AUCKLAND,2522.8001626490627,19171055.90738653,633.8991529731518,8551095.286572974,19.17105590738653,8.551095286572973,0.2565328585971892,0.342043811462919,0.42755476432864875,scr_push
BULLER DISTRICT,110.9971332115145,864231.3611752385,28.86368870035344,387256.511548291,0.8642313611752385,0.387256511548291,0.01161769534644873,0.015490260461931641,0.01936282557741455,scr_push
CARTERTON DISTRICT,126.71879058284951,949652.7584029681,29.659586401643477,397543.3871603261,0.949652758402968,0.3975433871603261,0.011926301614809783,0.015901735486413045,0.019877169358016308,scr_push
CENTRAL HAWKE'S BAY DISTRICT,212.0013218261553,1620152.4527519608,53.53947123089738,722056.5572310893,1.6201524527519608,0.7220565572310893,0.021661696716932678,0.028882262289243576,0.03610282786155447,scr_push
CENTRAL OTAGO DISTRICT,466.70350386409046,3546182.3808330637,115.44873052641964,1547252.5289942161,3.5461823808330637,1.547252528994216,0.046417575869826484,0.061890101159768646,0.0773626264497108,scr_push
CHRISTCHURCH CITY,910.2324161618305,6763507.533959179,216.80602159535766,2922079.3879739903,6.763507533959179,2.9220793879739904,0.0876623816392197,0.11688317551895962,0.14610396939869952,scr_push
CLUTHA DISTRICT,536.8790288724092,4031150.4105095696,128.39233853625348,1719281.1347728693,4.03115041050957,1.7192811347728694,0.05157843404318608,0.06877124539091477,0.08596405673864348,scr_push
DUNEDIN CITY,429.2020491315995,3096527.329806117,92.41281607352845,1233379.3288149606,3.0965273298061167,1.2333793288149606,0.03700137986444881,0.04933517315259842,0.06166896644074803,scr_push
FAR NORTH DISTRICT,412.2182423402806,2849473.6986166346,78.69906139401044,1047308.6240607135,2.8494736986166345,1.0473086240607135,0.0314192587218214,0.041892344962428545,0.052365431203035676,scr_push
GISBORNE DISTRICT,499.97360456645214,3584072.8515070393,106.96196025930283,1431170.2444995586,3.5840728515070395,1.4311702444995587,0.04293510733498676,0.057246809779982345,0.07155851222497794,scr_push
GORE DISTRICT,621.7518611502518,4756895.935054536,156.88774908989276,2106347.2126119807,4.756895935054536,2.106347212611981,0.06319041637835943,0.08425388850447922,0.10531736063059904,scr_push
GREY DISTRICT,115.42613003486466,842983.2770106266,25.774208975699498,345722.00802901795,0.8429832770106266,0.3457220080290179,0.010371660240870538,0.013828880321160718,0.0172861004014509,scr_push
HAMILTON CITY,861.3882938515482,6728242.609193839,229.54775796007223,3099139.3293238226,6.728242609193839,3.0991393293238225,0.09297417987971468,0.12396557317295291,0.15495696646619114,scr_push
HASTINGS DISTRICT,771.7659136619548,6112960.442122486,216.08832863151295,2929982.4846810056,6.112960442122486,2.9299824846810054,0.08789947454043016,0.11719929938724023,0.1464991242340503,scr_push
HAURAKI DISTRICT,288.3315059921745,2097308.189232524,64.84294360125175,870261.9135772341,2.097308189232524,0.8702619135772341,0.026107857407317026,0.034810476543089365,0.04351309567886171,scr_push
HOROWHENUA DISTRICT,382.0555675313023,2773135.068198467,84.25340667142136,1125965.0801740217,2.7731350681984672,1.1259650801740217,0.03377895240522065,0.04503860320696087,0.05629825400870109,scr_push
HURUNUI DISTRICT,323.0692323905395,2377360.504895406,72.39598984039425,967804.4162845813,2.377360504895406,0.9678044162845812,0.029034132488537437,0.038712176651383254,0.04839022081422907,scr_push
INVERCARGILL CITY,845.9160075431453,6440782.909510894,210.24726871139586,2824068.853054137,6.440782909510894,2.824068853054137,0.08472206559162411,0.11296275412216548,0.14120344265270685,scr_push
KAIKOURA DISTRICT,60.350164344238564,403690.2631993934,10.676245085504291,141155.82992585536,0.4036902631993934,0.14115582992585535,0.004234674897775661,0.005646233197034215,0.007057791496292768,scr_push
KAIPARA DISTRICT,296.0282722047645,2055016.6077855183,56.47196905487204,748526.6289843931,2.055016607785518,0.748526628984393,0.02245579886953179,0.029941065159375724,0.03742633144921966,scr_push
KAPITI COAST DISTRICT,119.08142340566626,788177.6883667877,20.90657823193206,279185.2896518832,0.7881776883667877,0.27918528965188316,0.008375558689556495,0.011167411586075328,0.01395926448259416,scr_push
KAWERAU DISTRICT,5.028401204787996,30004.831338466673,0.6592382778306936,8892.189192006716,0.030004831338466674,0.008892189192006716,0.00026676567576020146,0.0003556875676802686,0.0004446094596003358,scr_push
LOWER HUTT CITY,39.26108811759057,285529.4901454886,8.57763848676049,115023.6525594996,0.28552949014548856,0.1150236525594996,0.0034507095767849884,0.004600946102379984,0.005751182627974981,scr_push
MACKENZIE DISTRICT,187.65783566349475,1421515.8430852816,45.68893173785748,611060.7544055606,1.4215158430852814,0.6110607544055605,0.018331822632166817,0.024442430176222423,0.03055303772027803,scr_push
MANAWATU DISTRICT,383.8805722953613,2935477.3823922034,96.05893036527732,1287631.8182910238,2.9354773823922033,1.2876318182910238,0.038628954548730714,0.05150527273164096,0.0643815909145512,scr_push
MARLBOROUGH DISTRICT,1412.8133844334366,11138077.425307037,380.4741580332147,5125831.372856727,11.138077425307037,5.125831372856727,0.1537749411857018,0.20503325491426908,0.25629156864283636,scr_push
MASTERTON DISTRICT,197.97359628602885,1444883.72628324,43.802659195970875,586548.2237755469,1.44488372628324,0.5865482237755468,0.017596446713266406,0.023461928951021876,0.029327411188777346,scr_push
MATAMATA-PIAKO DISTRICT,1090.8343014353586,8342551.86117062,272.63079446331346,3665468.902895879,8.34255186117062,3.665468902895879,0.10996406708687637,0.14661875611583516,0.18327344514479396,scr_push
NAPIER CITY,238.3687935075635,1783981.4905366711,56.660198692087775,759455.6412893848,1.783981490536671,0.7594556412893848,0.022783669238681546,0.030378225651575393,0.03797278206446924,scr_push
NELSON CITY,111.5593393164607,786112.0654347679,22.948307703560076,307278.6752714373,0.7861120654347679,0.3072786752714373,0.009218360258143118,0.012291147010857494,0.015363933763571867,scr_push
NEW PLYMOUTH DISTRICT,522.9005177726485,3609017.7763050646,98.06161107028944,1299261.4931911589,3.6090177763050644,1.2992614931911588,0.03897784479573477,0.051970459727646356,0.06496307465955795,scr_push
OPOTIKI DISTRICT,117.95395062300415,831936.2940718802,24.23244220768918,323474.51041621,0.8319362940718802,0.32347451041621,0.0097042353124863,0.012938980416648399,0.0161737255208105,scr_push
OTOROHANGA DISTRICT,268.179886942269,2014722.6137378854,65.03107972480808,873594.8284263974,2.0147226137378853,0.8735948284263974,0.02620784485279192,0.034943793137055895,0.04367974142131987,scr_push
PALMERSTON NORTH CITY,742.2436245459617,5528895.959040976,175.14412927710572,2357375.0930168647,5.528895959040976,2.3573750930168647,0.07072125279050594,0.09429500372067459,0.11786875465084325,scr_push
PORIRUA CITY,50.5593880532853,391397.06244405766,12.668884301023825,170524.11589354812,0.39139706244405764,0.17052411589354813,0.005115723476806443,0.006820964635741925,0.008526205794677406,scr_push
QUEENSTOWN-LAKES DISTRICT,210.08311626201117,1556425.9141367353,47.77413228724364,636928.8363625931,1.5564259141367354,0.6369288363625931,0.019107865090877793,0.025477153454503725,0.03184644181812966,scr_push
RANGITIKEI DISTRICT,352.95969940274193,2698752.25501493,89.37828860347307,1204580.0363178786,2.69875225501493,1.2045800363178787,0.036137401089536364,0.048183201452715145,0.06022900181589393,scr_push
ROTORUA DISTRICT,429.4056990569468,3444000.55859937,120.59663883466493,1626060.2446409303,3.4440005585993703,1.6260602446409302,0.04878180733922791,0.06504240978563722,0.08130301223204651,scr_push
RUAPEHU DISTRICT,165.24533955955798,1209169.910305061,36.96371076030541,495379.45360678714,1.2091699103050608,0.49537945360678715,0.014861383608203615,0.019815178144271486,0.024768972680339358,scr_push
SELWYN DISTRICT,605.2736196007075,4335090.585816268,130.24645498046695,1745176.06148758,4.335090585816268,1.74517606148758,0.0523552818446274,0.0698070424595032,0.087258803074379,scr_push
SOUTH TARANAKI DISTRICT,554.135716787623,4052709.7191533116,123.41678531424927,1650981.499460339,4.052709719153311,1.6509814994603391,0.04952944498381017,0.06603925997841356,0.08254907497301696,scr_push
SOUTH WAIKATO DISTRICT,382.20960258690394,3048574.682278757,105.8346395590753,1422715.4797190886,3.048574682278757,1.4227154797190886,0.04268146439157266,0.05690861918876355,0.07113577398595444,scr_push
SOUTH WAIRARAPA DISTRICT,181.18561842244236,1360494.2035622771,42.31696276679155,565412.5022444178,1.3604942035622771,0.5654125022444177,0.016962375067332534,0.02261650008977671,0.028270625112220893,scr_push
SOUTHLAND DISTRICT,1365.8541558950028,10461967.594798235,344.63219582759837,4627921.79269709,10.461967594798235,4.62792179269709,0.1388376537809127,0.1851168717078836,0.2313960896348545,scr_push
STRATFORD DISTRICT,177.6794182281247,1282305.817181521,38.22364114609026,509420.7811682503,1.2823058171815211,0.5094207811682503,0.015282623435047507,0.020376831246730013,0.025471039058412515,scr_push
TARARUA DISTRICT,378.72916167592155,2823562.967633581,90.79829077663459,1222680.5123739552,2.8235629676335807,1.2226805123739553,0.036680415371218654,0.04890722049495821,0.06113402561869776,scr_push
TASMAN DISTRICT,867.4433169845638,6052224.931812022,171.71600591393218,2291942.159158756,6.052224931812022,2.291942159158756,0.06875826477476267,0.09167768636635025,0.11459710795793782,scr_push
TAUPO DISTRICT,263.89475607580795,2129955.1281201416,75.45295575698925,1017230.5942958947,2.1299551281201414,1.0172305942958948,0.030516917828876843,0.040689223771835786,0.05086152971479474,scr_push
TAURANGA CITY,382.9281411902174,2932699.1001732904,98.70999692094217,1334884.9380038406,2.9326991001732905,1.3348849380038406,0.04004654814011521,0.053395397520153626,0.06674424690019204,scr_push
THAMES-COROMANDEL DISTRICT,244.27677480252845,1754816.9250135627,52.17912927081052,698034.9780152966,1.7548169250135626,0.6980349780152967,0.0209410493404589,0.027921399120611867,0.034901748900764834,scr_push
TIMARU DISTRICT,1073.4325028653561,7890583.767077709,244.02644614251363,3265121.9117499194,7.890583767077708,3.2651219117499193,0.09795365735249759,0.13060487646999677,0.163256095587496,scr_push
UPPER HUTT CITY,36.462010074983354,256333.4242483799,7.151747011391673,94651.60347988279,0.2563334242483799,0.09465160347988279,0.0028395481043964835,0.003786064139195312,0.0047325801739941395,scr_push
WAIKATO DISTRICT,733.0743901278075,5515022.282175048,175.22254618408965,2343774.3584110397,5.515022282175048,2.3437743584110398,0.07031323075233119,0.0937509743364416,0.117188717920552,scr_push
WAIMAKARIRI DISTRICT,504.51979793761245,3454629.535178282,95.93619228342791,1281961.2912773825,3.454629535178282,1.2819612912773826,0.038458838738321476,0.051278451651095305,0.06409806456386913,scr_push
WAIMATE DISTRICT,363.9401013010852,2701063.447323931,85.50726340341848,1148053.8581238505,2.7010634473239308,1.1480538581238506,0.034441615743715515,0.04592215432495402,0.057402692906192536,scr_push
WAIPA DISTRICT,842.1897176348002,6359072.785086346,202.2798212122006,2711379.6555885244,6.3590727850863455,2.7113796555885243,0.08134138966765574,0.10845518622354097,0.13556898277942625,scr_push
WAIROA DISTRICT,63.73102903949461,440429.74512761267,12.31709909908919,163986.93839636576,0.4404297451276127,0.16398693839636577,0.004919608151890973,0.00655947753585463,0.008199346919818289,scr_push
WAITAKI DISTRICT,695.762179642879,5079701.983098013,156.3338232254809,2093146.9932052796,5.079701983098014,2.0931469932052797,0.06279440979615838,0.08372587972821119,0.10465734966026398,scr_push
WAITOMO DISTRICT,139.82951290958047,1084724.5093261274,36.672923590979735,493569.5151389502,1.0847245093261273,0.4935695151389502,0.014807085454168506,0.019742780605558008,0.02467847575694751,scr_push
WELLINGTON CITY,291.47978273623136,2449081.7769194553,91.73075002298478,1241510.5597944665,2.449081776919455,1.2415105597944665,0.03724531679383399,0.04966042239177866,0.06207552798972333,scr_push
WESTERN BAY OF PLENTY DISTRICT,570.1718752248761,4331788.667410314,145.13729537342206,1965673.3084137286,4.331788667410314,1.9656733084137286,0.058970199252411856,0.07862693233654915,0.09828366542068644,scr_push
WESTLAND DISTRICT,110.95131434582247,803043.5623562091,23.095915997079715,304897.0982035548,0.8030435623562091,0.3048970982035548,0.009146912946106645,0.012195883928142193,0.01524485491017774,scr_push
WHAKATANE DISTRICT,328.42041928748796,2457333.893162758,77.71482548303212,1042553.8928823186,2.457333893162758,1.0425538928823186,0.031276616786469556,0.04170215571529274,0.05212769464411593,scr_push
WHANGANUI DISTRICT,168.7257309555788,1213860.5946714312,37.17200388415071,499409.1584322727,1.2138605946714311,0.49940915843227274,0.014982274752968181,0.01997636633729091,0.024970457921613638,scr_push
WHANGAREI DISTRICT,622.5160584335971,4779694.320655315,160.3617750139217,2169186.2867592927,4.779694320655315,2.1691862867592926,0.06507558860277877,0.08676745147037171,0.10845931433796463,scr_push
,97.84386394766989,775483.5485715577,27.35638831561149,370363.47897541814,0.7754835485715578,0.37036347897541816,0.011110904369262544,0.014814539159016725,0.018518173948770908,scr_push
ASHBURTON DISTRICT,1768.537907490089,11906693.070506996,269.7020502047847,3401546.20145014,11.906693070506995,3.4015462014501403,0.1020463860435042,0.1360618480580056,0.170077310072507,delayed_replacement
AUCKLAND,2522.8001626490627,17130979.400619097,406.393229177579,5138576.0388493035,17.130979400619097,5.138576038849304,0.1541572811654791,0.20554304155397216,0.2569288019424652,delayed_replacement
BULLER DISTRICT,110.9971332115145,770597.4147946216,18.16745321431683,228943.60907931684,0.7705974147946216,0.22894360907931685,0.006868308272379505,0.009157744363172675,0.011447180453965842,delayed_replacement
CARTERTON DISTRICT,126.7187905828495,854065.7614606594,18.505075884464805,233570.44244343002,0.8540657614606595,0.23357044244343,0.0070071132733029,0.009342817697737201,0.011678522122171502,delayed_replacement
CENTRAL HAWKE'S BAY DISTRICT,212.0013218261553,1448055.347482031,34.21959165336152,433142.17317616433,1.448055347482031,0.4331421731761643,0.01299426519528493,0.01732568692704657,0.021657108658808218,delayed_replacement
CENTRAL OTAGO DISTRICT,466.7035038640905,3171143.8067403487,72.50660519175996,912150.6351929214,3.1711438067403486,0.9121506351929214,0.027364519055787642,0.03648602540771686,0.045607531759646075,delayed_replacement
CHRISTCHURCH CITY,910.2324161618305,6065918.013082092,138.38284902647413,1750048.6558594157,6.065918013082092,1.7500486558594157,0.05250145967578247,0.07000194623437662,0.08750243279297079,delayed_replacement
CLUTHA DISTRICT,536.8790288724092,3614478.1674542604,80.25027852284538,1009915.5551085577,3.6144781674542603,1.0099155551085577,0.03029746665325673,0.040396622204342314,0.050495777755427886,delayed_replacement
DUNEDIN CITY,429.2020491315995,2796578.519157604,56.946304753783224,715832.277512833,2.796578519157604,0.715832277512833,0.02147496832538499,0.02863329110051332,0.035791613875641656,delayed_replacement
FAR NORTH DISTRICT,412.2182423402806,2594764.0769846607,47.82982265411438,600829.6863971361,2.5947640769846605,0.6008296863971361,0.018024890591914082,0.024033187455885445,0.030041484319856804,delayed_replacement
GISBORNE DISTRICT,499.97360456645214,3238075.6154446052,66.51435498981647,837314.5590421325,3.2380756154446053,0.8373145590421325,0.02511943677126397,0.0334925823616853,0.04186572795210662,delayed_replacement
GORE DISTRICT,621.7518611502517,4248267.7461535,99.05468129968294,1248246.2343150037,4.2482677461535,1.2482462343150038,0.03744738702945011,0.04992984937260015,0.06241231171575019,delayed_replacement
GREY DISTRICT,115.42613003486466,759929.0920783315,16.15757658309503,203776.56748426092,0.7599290920783315,0.20377656748426093,0.006113297024527828,0.008151062699370437,0.010188828374213046,delayed_replacement
HAMILTON CITY,861.3882938515482,5989626.238906527,147.63945050344796,1867597.5155786145,5.989626238906527,1.8675975155786146,0.056027925467358436,0.07470390062314458,0.09337987577893073,delayed_replacement
HASTINGS DISTRICT,771.7659136619546,5419788.559332329,141.22711637861178,1790062.9768571754,5.4197885593323285,1.7900629768571754,0.05370188930571526,0.07160251907428702,0.08950314884285877,delayed_replacement
HAURAKI DISTRICT,288.33150599217447,1887766.5972465372,40.7852038846636,514393.6013415549,1.8877665972465372,0.5143936013415549,0.015431808040246646,0.0205757440536622,0.025719680067077744,delayed_replacement
HOROWHENUA DISTRICT,382.0555675313023,2499505.4481126573,52.22935399175393,656775.6246641293,2.4995054481126573,0.6567756246641293,0.01970326873992388,0.026271024986565174,0.03283878123320647,delayed_replacement
HURUNUI DISTRICT,323.0692323905395,2143228.779080145,44.78017181761309,564063.770076877,2.143228779080145,0.564063770076877,0.01692191310230631,0.02256255080307508,0.02820318850384385,delayed_replacement
INVERCARGILL CITY,845.9160075431453,5760859.87219695,132.7553775034843,1674579.9379451908,5.76085987219695,1.6745799379451909,0.050237398138355725,0.06698319751780764,0.08372899689725956,delayed_replacement
KAIKOURA DISTRICT,60.350164344238564,368700.8754324268,6.362754788505558,79446.00252343336,0.3687008754324268,0.07944600252343335,0.0023833800757030008,0.0031778401009373344,0.003972300126171668,delayed_replacement
KAIPARA DISTRICT,296.0282722047645,1871180.7498874145,33.837176460591635,423969.1967546776,1.8711807498874145,0.42396919675467765,0.012719075902640329,0.016958767870187106,0.021198459837733885,delayed_replacement
KAPITI COAST DISTRICT,119.08142340566626,720603.9374027308,12.87682698997645,162090.00642548446,0.7206039374027308,0.16209000642548446,0.004862700192764534,0.006483600257019379,0.008104500321274223,delayed_replacement
KAWERAU DISTRICT,5.028401204787996,27939.94832270021,0.4180624453433046,5300.04717162269,0.02793994832270021,0.0053000471716226905,0.0001590014151486807,0.00021200188686490762,0.0002650023585811345,delayed_replacement
LOWER HUTT CITY,39.26108811759057,257970.3482606496,5.355684672244485,67629.80816976295,0.2579703482606496,0.06762980816976295,0.0020288942450928885,0.002705192326790518,0.003381490408488148,delayed_replacement
MACKENZIE DISTRICT,187.65783566349475,1272908.0605271563,28.456478554994163,357697.73499070003,1.2729080605271563,0.3576977349907,0.010730932049721,0.014307909399628001,0.017884886749535003,delayed_replacement
MANAWATU DISTRICT,383.8805722953613,2623650.29150369,60.31238969955686,759231.7251340507,2.62365029150369,0.7592317251340507,0.02277695175402152,0.030369269005362028,0.03796158625670254,delayed_replacement
MARLBOROUGH DISTRICT,1412.8133844334366,9910847.166625055,243.0410211740139,3069331.439578352,9.910847166625054,3.069331439578352,0.09207994318735055,0.12277325758313408,0.1534665719789176,delayed_replacement
MASTERTON DISTRICT,197.97359628602885,1303485.7438123284,27.287673248796114,343833.3470764085,1.3034857438123284,0.3438333470764085,0.010315000412292255,0.013753333883056341,0.017191667353820425,delayed_replacement
MATAMATA-PIAKO DISTRICT,1090.8343014353588,7463239.386896213,172.492818862431,2178349.2300592083,7.463239386896213,2.1783492300592084,0.06535047690177624,0.08713396920236834,0.10891746150296042,delayed_replacement
NAPIER CITY,238.36879350756354,1600452.3728599115,35.545690917199046,447449.104517281,1.6004523728599116,0.447449104517281,0.013423473135518428,0.017897964180691242,0.02237245522586405,delayed_replacement
NELSON CITY,111.55933931646068,712025.4042061514,14.300597819362787,180130.8950024123,0.7120254042061513,0.18013089500241228,0.005403926850072368,0.007205235800096492,0.009006544750120615,delayed_replacement
NEW PLYMOUTH DISTRICT,522.9005177726485,3290011.8402578244,58.597062131524495,734447.3847893451,3.2900118402578244,0.7344473847893451,0.02203342154368035,0.029377895391573806,0.036722369239467256,delayed_replacement
OPOTIKI DISTRICT,117.95395062300413,753327.0914780747,14.974131880566102,187981.0298394345,0.7533270914780746,0.1879810298394345,0.0056394308951830344,0.00751924119357738,0.009399051491971724,delayed_replacement
OTOROHANGA DISTRICT,268.179886942269,1804274.7846860902,41.06883593061199,518206.2401258566,1.8042747846860903,0.5182062401258566,0.015546187203775697,0.020728249605034263,0.025910312006292832,delayed_replacement
PALMERSTON NORTH CITY,742.2436245459618,4966175.545813626,111.10324528664869,1404574.9461313311,4.966175545813626,1.404574946131331,0.04213724838393994,0.05618299784525325,0.07022874730656656,delayed_replacement
PORIRUA CITY,50.5593880532853,350860.92248466384,8.001839523571086,101387.82482132353,0.35086092248466383,0.10138782482132354,0.003041634744639706,0.004055512992852941,0.005069391241066177,delayed_replacement
QUEENSTOWN-LAKES DISTRICT,210.0831162620112,1400980.4330250288,29.323615141956296,368451.59769333084,1.4009804330250288,0.36845159769333086,0.011053547930799925,0.014738063907733235,0.018422579884666543,delayed_replacement
RANGITIKEI DISTRICT,352.959699402742,2410868.0727135446,57.10737319721896,721754.7282494123,2.4108680727135448,0.7217547282494122,0.021652641847482366,0.02887018912997649,0.036087736412470615,delayed_replacement
ROTORUA DISTRICT,429.4056990569468,3054730.5631546224,77.3317284922979,976761.7774868612,3.0547305631546227,0.9767617774868612,0.029302853324605835,0.03907047109947445,0.048838088874343065,delayed_replacement
RUAPEHU DISTRICT,165.245339559558,1089932.241998856,23.087873015660364,291131.1272997466,1.089932241998856,0.2911311272997466,0.008733933818992397,0.011645245091989866,0.01455655636498733,delayed_replacement
SELWYN DISTRICT,605.2736196007075,3913962.5972924777,81.3733443920727,1025662.1572822088,3.913962597292478,1.0256621572822089,0.030769864718466263,0.041026486291288355,0.05128310786411044,delayed_replacement
SOUTH TARANAKI DISTRICT,554.1357167876229,3653431.1102799885,76.67103466843376,965159.8838525224,3.6534311102799886,0.9651598838525224,0.028954796515575667,0.038606395354100896,0.04825799419262612,delayed_replacement
SOUTH WAIKATO DISTRICT,382.20960258690394,2705227.945023164,67.25339687759607,847336.7838948997,2.705227945023164,0.8473367838948996,0.02542010351684699,0.033893471355795984,0.04236683919474499,delayed_replacement
SOUTH WAIRARAPA DISTRICT,181.18561842244236,1223487.0088490392,26.128657787483746,329035.0149224556,1.2234870088490393,0.32903501492245557,0.009871050447673668,0.013161400596898224,0.01645175074612278,delayed_replacement
SOUTHLAND DISTRICT,1365.8541558950028,9345978.338626865,217.52976168062384,2742934.437012653,9.345978338626866,2.7429344370126527,0.08228803311037958,0.10971737748050611,0.13714672185063267,delayed_replacement
STRATFORD DISTRICT,177.6794182281247,1157972.5504213134,23.428604821938002,294306.41914682114,1.1579725504213134,0.29430641914682115,0.008829192574404633,0.011772256765872846,0.014715320957341058,delayed_replacement
TARARUA DISTRICT,378.72916167592155,2531014.672885415,57.82976470645896,730549.6043288701,2.5310146728854153,0.7305496043288701,0.021916488129866102,0.029221984173154802,0.0365274802164435,delayed_replacement
TASMAN DISTRICT,867.4433169845639,5496892.677175912,105.6446124742268,1328842.860916157,5.496892677175912,1.328842860916157,0.039865285827484706,0.05315371443664628,0.06644214304580785,delayed_replacement
TAUPO DISTRICT,263.89475607580795,1885987.820640665,48.36833638367123,610970.4361748811,1.885987820640665,0.6109704361748811,0.01832911308524643,0.024438817446995244,0.030548521808744056,delayed_replacement
TAURANGA CITY,382.9281411902174,2615729.003189582,63.823120141483074,808327.3612270888,2.615729003189582,0.8083273612270888,0.024249820836812666,0.032333094449083555,0.040416368061354443,delayed_replacement
THAMES-COROMANDEL DISTRICT,244.27677480252848,1586087.1076609134,32.36041704530854,407815.3344197717,1.5860871076609133,0.4078153344197717,0.01223446003259315,0.016312613376790866,0.020390766720988582,delayed_replacement
TIMARU DISTRICT,1073.4325028653561,7099272.820611696,151.85570961515103,1911523.6148391669,7.099272820611696,1.9115236148391668,0.057345708445175,0.07646094459356667,0.09557618074195835,delayed_replacement
UPPER HUTT CITY,36.462010074983354,232971.21725933658,4.271477103068934,53402.29812479044,0.2329712172593366,0.053402298124790436,0.001602068943743713,0.0021360919249916177,0.002670114906239522,delayed_replacement
WAIKATO DISTRICT,733.0743901278075,4945939.038371115,109.04110884120546,1371580.0497767392,4.945939038371115,1.3715800497767392,0.04114740149330218,0.05486320199106957,0.06857900248883697,delayed_replacement
WAIMAKARIRI DISTRICT,504.51979793761245,3144884.388188134,59.20486999928806,745697.4682345106,3.144884388188134,0.7456974682345107,0.022370924047035317,0.029827898729380423,0.03728487341172553,delayed_replacement
WAIMATE DISTRICT,363.94010130108524,2424767.9125905596,53.8576655236294,679471.8265605797,2.4247679125905597,0.6794718265605797,0.02038415479681739,0.02717887306242319,0.03397359132802899,delayed_replacement
WAIPA DISTRICT,842.1897176348002,5705270.766894052,126.48569697685093,1595163.1795607582,5.705270766894052,1.5951631795607581,0.04785489538682274,0.06380652718243032,0.07975815897803791,delayed_replacement
WAIROA DISTRICT,63.73102903949461,400399.99778927665,7.518079991218664,94378.1578860108,0.40039999778927665,0.0943781578860108,0.002831344736580324,0.0037751263154404318,0.0047189078943005395,delayed_replacement
WAITAKI DISTRICT,695.762179642879,4573053.949973567,97.56538627279002,1228222.9923430076,4.573053949973567,1.2282229923430077,0.03684668977029023,0.049128919693720303,0.061411149617150385,delayed_replacement
WAITOMO DISTRICT,139.82951290958044,966027.396694664,23.402849815473523,295001.1706712683,0.966027396694664,0.2950011706712683,0.00885003512013805,0.011800046826850732,0.014750058533563417,delayed_replacement
WELLINGTON CITY,291.47978273623136,2153134.8130202186,59.710384790739056,755333.7500514832,2.153134813020219,0.7553337500514832,0.022660012501544494,0.03021335000205933,0.03776668750257416,delayed_replacement
WESTERN BAY OF PLENTY DISTRICT,570.171875224876,3866893.0010855813,94.35317585888558,1195677.7825468318,3.866893001085581,1.1956777825468317,0.03587033347640495,0.047827111301873275,0.059783889127341595,delayed_replacement
WESTLAND DISTRICT,110.95131434582245,727264.5848148031,13.639904499708924,170498.0184328473,0.727264584814803,0.17049801843284731,0.00511494055298542,0.006819920737313892,0.008524900921642365,delayed_replacement
WHAKATANE DISTRICT,328.4204192874879,2206362.2978648324,48.779627370692594,615146.779637552,2.2063622978648323,0.6151467796375519,0.01845440338912656,0.02460587118550208,0.030757338981877602,delayed_replacement
WHANGANUI DISTRICT,168.7257309555788,1093922.7720212706,23.45920686124061,296106.1258444822,1.0939227720212705,0.2961061258444822,0.008883183775334466,0.011844245033779288,0.014805306292224112,delayed_replacement
WHANGAREI DISTRICT,622.5160584335971,4265867.89020657,103.60980462016,1313439.1471697728,4.26586789020657,1.3134391471697728,0.03940317441509318,0.05253756588679091,0.06567195735848864,delayed_replacement
,97.84386394766989,687510.4196724518,17.806936511876177,225353.9192543447,0.6875104196724517,0.22535391925434473,0.006760617577630341,0.00901415677017379,0.011267695962717237,delayed_replacement
