tla,weighted_tractor_count,annual_diesel_litres,weighted_scr_tractor_count,scr_diesel_litres,regional_diesel_ml,regional_scr_diesel_ml,def_low_ml,def_central_ml,def_high_ml,scenario_name,baseline_regional_diesel_ml,baseline_def_central_ml,delta_regional_diesel_ml_vs_baseline,delta_def_central_ml_vs_baseline
ASHBURTON DISTRICT,1768.5379074900893,11548300.232706267,239.6610255955053,2985037.5965857846,11.548300232706268,2.9850375965857845,0.0895511278975735,0.1194015038634313,0.1492518798292892,baseline_current_structure,11.548300232706268,0.1194015038634313,0.0,0.0
AUCKLAND,2522.8001626490627,16627994.866371708,362.70160355273447,4528224.253227087,16.627994866371708,4.528224253227087,0.1358467275968126,0.1811289701290834,0.2264112126613543,baseline_current_structure,16.627994866371708,0.1811289701290834,0.0,0.0
BULLER DISTRICT,110.99713321151452,748931.9635990345,16.121738724531827,200644.53430079544,0.7489319635990345,0.2006445343007954,0.0060193360290238,0.0080257813720318,0.0100322267150397,baseline_current_structure,0.7489319635990345,0.0080257813720318,0.0,0.0
CARTERTON DISTRICT,126.71879058284952,826652.6635896172,16.423336795602893,204786.00954928136,0.8266526635896172,0.2047860095492814,0.0061435802864784,0.0081914403819712,0.010239300477464,baseline_current_structure,0.8266526635896172,0.0081914403819712,0.0,0.0
CENTRAL HAWKE'S BAY DISTRICT,212.0013218261553,1400534.2712112344,30.52412142004657,381599.1878636669,1.4005342712112343,0.3815991878636669,0.01144797563591,0.0152639675145466,0.0190799593931833,baseline_current_structure,1.4005342712112343,0.0152639675145466,0.0,0.0
CENTRAL OTAGO DISTRICT,466.7035038640905,3072535.368262651,64.3155855091766,798846.9146038336,3.072535368262651,0.7988469146038336,0.023965407438115,0.0319538765841533,0.0399423457301916,baseline_current_structure,3.072535368262651,0.0319538765841533,0.0,0.0
CHRISTCHURCH CITY,910.2324161618304,5884893.0877872845,123.39638925982116,1541085.4091238128,5.884893087787285,1.5410854091238129,0.0462325622737143,0.0616434163649525,0.0770542704561906,baseline_current_structure,5.884893087787285,0.0616434163649525,0.0,0.0
CLUTHA DISTRICT,536.8790288724092,3503162.937645409,71.1301962479989,883958.5262500416,3.503162937645409,0.8839585262500416,0.0265187557875012,0.0353583410500016,0.044197926312502,baseline_current_structure,3.503162937645409,0.0353583410500016,0.0,0.0
DUNEDIN CITY,429.2020491315996,2710703.263443168,50.336132516199264,624952.5973593089,2.710703263443168,0.6249525973593089,0.0187485779207792,0.0249981038943723,0.0312476298679654,baseline_current_structure,2.710703263443168,0.0249981038943723,0.0,0.0
FAR NORTH DISTRICT,412.2182423402807,2508542.869588297,42.20758767497332,523738.23337384505,2.5085428695882968,0.5237382333738451,0.0157121470012153,0.0209495293349538,0.0261869116686922,baseline_current_structure,2.5085428695882968,0.0209495293349538,0.0,0.0
GISBORNE DISTRICT,499.97360456645214,3139883.1708488776,58.95924803901248,732972.0002837434,3.139883170848877,0.7329720002837433,0.0219891600085123,0.0293188800113497,0.0366486000141871,baseline_current_structure,3.139883170848877,0.0293188800113497,0.0,0.0
GORE DISTRICT,621.7518611502518,4124921.625298517,87.98069073511795,1094789.7251794226,4.124921625298517,1.0947897251794227,0.0328436917553826,0.0437915890071769,0.0547394862589711,baseline_current_structure,4.124921625298517,0.0437915890071769,0.0,0.0
GREY DISTRICT,115.42613003486466,734480.4283165991,14.359191490349376,178837.72977783356,0.7344804283165991,0.1788377297778335,0.005365131893335,0.0071535091911133,0.0089418864888916,baseline_current_structure,0.7344804283165991,0.0071535091911133,0.0,0.0
HAMILTON CITY,861.3882938515482,5809363.23334527,131.84357140339355,1646712.6605495785,5.809363233345271,1.6467126605495783,0.0494013798164873,0.0658685064219831,0.0823356330274789,baseline_current_structure,5.809363233345271,0.0658685064219831,0.0,0.0
HASTINGS DISTRICT,771.7659136619548,5259960.600140723,126.58239313383072,1583852.5098125988,5.259960600140723,1.5838525098125988,0.0475155752943779,0.0633541003925039,0.0791926254906299,baseline_current_structure,5.259960600140723,0.0633541003925039,0.0,0.0
HAURAKI DISTRICT,288.3315059921745,1830579.2605902727,36.23103727298916,451289.3729538431,1.8305792605902729,0.4512893729538431,0.0135386811886152,0.0180515749181537,0.0225644686476921,baseline_current_structure,1.8305792605902729,0.0180515749181537,0.0,0.0
HOROWHENUA DISTRICT,382.0555675313023,2420545.2086886894,46.2101506643796,573893.0408663432,2.4205452086886896,0.5738930408663432,0.0172167912259902,0.0229557216346537,0.0286946520433171,baseline_current_structure,2.4205452086886896,0.0229557216346537,0.0,0.0
HURUNUI DISTRICT,323.0692323905395,2075917.867712996,39.64296740052891,493300.153493034,2.075917867712996,0.4933001534930339,0.014799004604791,0.0197320061397213,0.0246650076746517,baseline_current_structure,2.075917867712996,0.0197320061397213,0.0,0.0
INVERCARGILL CITY,845.9160075431454,5592236.411996629,117.98873378152348,1469789.550167262,5.5922364119966295,1.469789550167262,0.0440936865050178,0.0587915820066904,0.0734894775083631,baseline_current_structure,5.5922364119966295,0.0587915820066904,0.0,0.0
KAIKOURA DISTRICT,60.35016434423856,356117.72678555787,5.572926877475632,68724.41911520968,0.3561177267855578,0.0687244191152096,0.0020617325734562,0.0027489767646083,0.0034362209557604,baseline_current_structure,0.3561177267855578,0.0027489767646083,0.0,0.0
KAIPARA DISTRICT,296.0282722047645,1810338.963274492,29.720599939824872,367910.15766698326,1.810338963274492,0.3679101576669832,0.0110373047300094,0.0147164063066793,0.0183955078833491,baseline_current_structure,1.810338963274492,0.0147164063066793,0.0,0.0
KAPITI COAST DISTRICT,119.08142340566626,697140.8817103086,11.39440668429224,141681.14294419874,0.6971408817103086,0.1416811429441987,0.0042504342883259,0.0056672457177679,0.0070840571472099,baseline_current_structure,0.6971408817103086,0.0056672457177679,0.0,0.0
KAWERAU DISTRICT,5.028401204787997,26243.188880353613,0.3757365966198346,4700.465820783177,0.0262431888803536,0.0047004658207831,0.0001410139746234,0.0001880186328313,0.0002350232910391,baseline_current_structure,0.0262431888803536,0.0001880186328313,0.0,0.0
LOWER HUTT CITY,39.26108811759057,249045.79789182649,4.758879599592345,59360.51777007416,0.2490457978918265,0.0593605177700741,0.0017808155331022,0.0023744207108029,0.0029680258885037,baseline_current_structure,0.2490457978918265,0.0023744207108029,0.0,0.0
MACKENZIE DISTRICT,187.65783566349472,1234564.2757044004,25.191152454475933,312681.91797238216,1.2345642757044004,0.3126819179723821,0.0093804575391714,0.0125072767188952,0.0156340958986191,baseline_current_structure,1.2345642757044004,0.0125072767188952,0.0,0.0
MANAWATU DISTRICT,383.8805722953612,2545036.6168247657,53.49870131728076,665006.6250174436,2.5450366168247656,0.6650066250174436,0.0199501987505233,0.0266002650006977,0.0332503312508721,baseline_current_structure,2.5450366168247656,0.0266002650006977,0.0,0.0
MARLBOROUGH DISTRICT,1412.8133844334366,9615131.293152664,216.65834957456315,2701453.205601925,9.615131293152665,2.7014532056019247,0.0810435961680577,0.1080581282240769,0.1350726602800962,baseline_current_structure,9.615131293152665,0.1080581282240769,0.0,0.0
MASTERTON DISTRICT,197.97359628602888,1261319.1786322347,24.209217740970896,301264.9398712507,1.2613191786322346,0.3012649398712507,0.0090379481961375,0.01205059759485,0.0150632469935625,baseline_current_structure,1.2613191786322346,0.01205059759485,0.0,0.0
MATAMATA-PIAKO DISTRICT,1090.8343014353588,7232557.854348387,153.46685809073182,1914082.930625184,7.232557854348387,1.9140829306251843,0.0574224879187555,0.0765633172250073,0.0957041465312592,baseline_current_structure,7.232557854348387,0.0765633172250073,0.0,0.0
NAPIER CITY,238.3687935075635,1552599.9340525512,31.551570767567,392143.16384529753,1.5525999340525511,0.3921431638452975,0.0117642949153589,0.0156857265538119,0.0196071581922648,baseline_current_structure,1.5525999340525511,0.0156857265538119,0.0,0.0
NELSON CITY,111.55933931646068,690367.1495025452,12.689114900213148,157838.2590269448,0.6903671495025453,0.1578382590269448,0.0047351477708083,0.0063135303610777,0.0078919129513472,baseline_current_structure,0.6903671495025453,0.0063135303610777,0.0,0.0
NEW PLYMOUTH DISTRICT,522.9005177726485,3186451.35092871,51.444777603193465,637134.0157966003,3.18645135092871,0.6371340157966002,0.019114020473898,0.025485360631864,0.03185670078983,baseline_current_structure,3.18645135092871,0.025485360631864,0.0,0.0
OPOTIKI DISTRICT,117.95395062300416,728888.7409642247,13.253090273306857,164251.0183011138,0.7288887409642246,0.1642510183011138,0.0049275305490334,0.0065700407320445,0.0082125509150556,baseline_current_structure,0.7288887409642246,0.0065700407320445,0.0,0.0
OTOROHANGA DISTRICT,268.179886942269,1753482.9923406693,36.48833496016243,454731.6921786621,1.7534829923406692,0.4547316921786621,0.0136419507653598,0.0181892676871464,0.0227365846089331,baseline_current_structure,1.7534829923406692,0.0181892676871464,0.0,0.0
PALMERSTON NORTH CITY,742.2436245459617,4810163.628036168,99.01126400608716,1236150.1508692638,4.810163628036168,1.2361501508692638,0.0370845045260779,0.0494460060347705,0.0618075075434631,baseline_current_structure,4.810163628036168,0.0494460060347705,0.0,0.0
PORIRUA CITY,50.5593880532853,341379.92323208926,7.130150018078263,89261.12524634492,0.3413799232320892,0.0892611252463449,0.0026778337573903,0.0035704450098537,0.0044630562623172,baseline_current_structure,0.3413799232320892,0.0035704450098537,0.0,0.0
QUEENSTOWN-LAKES DISTRICT,210.0831162620112,1359259.2702183127,25.87558088004898,321181.1112077174,1.3592592702183128,0.3211811112077173,0.0096354333362315,0.0128472444483086,0.0160590555603858,baseline_current_structure,1.3592592702183128,0.0128472444483086,0.0,0.0
RANGITIKEI DISTRICT,352.959699402742,2337476.6882684147,50.92448465913343,635514.4188864813,2.337476688268415,0.6355144188864813,0.0190654325665944,0.0254205767554592,0.031775720944324,baseline_current_structure,2.337476688268415,0.0254205767554592,0.0,0.0
ROTORUA DISTRICT,429.4056990569468,2966561.0073546087,68.96938542879732,860055.4434009755,2.966561007354609,0.8600554434009755,0.0258016633020292,0.034402217736039,0.0430027721700487,baseline_current_structure,2.966561007354609,0.034402217736039,0.0,0.0
RUAPEHU DISTRICT,165.24533955955798,1055271.27113511,20.494995239665712,255249.64309591497,1.05527127113511,0.2552496430959149,0.0076574892928774,0.0102099857238365,0.0127624821547957,baseline_current_structure,1.05527127113511,0.0102099857238365,0.0,0.0
SELWYN DISTRICT,605.2736196007075,3797852.398273555,72.18360986823642,898637.2111773636,3.7978523982735553,0.8986372111773636,0.0269591163353209,0.0359454884470945,0.0449318605588681,baseline_current_structure,3.7978523982735553,0.0359454884470945,0.0,0.0
SOUTH TARANAKI DISTRICT,554.135716787623,3536371.3063141634,67.94448954206935,844696.6592930361,3.5363713063141637,0.8446966592930361,0.025340899778791,0.0337878663717214,0.0422348329646518,baseline_current_structure,3.5363713063141637,0.0337878663717214,0.0,0.0
SOUTH WAIKATO DISTRICT,382.209602586904,2628109.140136822,59.80476475797972,743875.7337937363,2.628109140136822,0.7438757337937363,0.022316272013812,0.0297550293517494,0.0371937866896868,baseline_current_structure,2.628109140136822,0.0297550293517494,0.0,0.0
SOUTH WAIRARAPA DISTRICT,181.1856184224424,1186689.7250214266,23.114270600314335,287562.95679299626,1.1866897250214266,0.2875629567929962,0.0086268887037898,0.0115025182717198,0.0143781478396498,baseline_current_structure,1.1866897250214266,0.0115025182717198,0.0,0.0
SOUTHLAND DISTRICT,1365.854155895003,9068056.144146442,193.2440866407848,2406377.149189037,9.068056144146444,2.4063771491890367,0.072191314475671,0.0962550859675614,0.1203188574594518,baseline_current_structure,9.068056144146444,0.0962550859675614,0.0,0.0
STRATFORD DISTRICT,177.67941822812466,1121563.5026361323,20.67162743311976,256512.7343629505,1.1215635026361326,0.2565127343629505,0.0076953820308885,0.010260509374518,0.0128256367181475,baseline_current_structure,1.1215635026361326,0.010260509374518,0.0,0.0
TARARUA DISTRICT,378.7291616759216,2451797.34571993,51.53679378151237,642865.4950471334,2.4517973457199296,0.6428654950471334,0.019285964851414,0.0257146198018853,0.0321432747523566,baseline_current_structure,2.4517973457199296,0.0257146198018853,0.0,0.0
TASMAN DISTRICT,867.4433169845639,5331595.61090429,93.46265583431956,1161143.368064119,5.33159561090429,1.161143368064119,0.0348343010419235,0.0464457347225647,0.0580571684032059,baseline_current_structure,5.33159561090429,0.0464457347225647,0.0,0.0
TAUPO DISTRICT,263.894756075808,1831842.4403939235,43.10634557608136,537643.9729611243,1.8318424403939235,0.5376439729611243,0.0161293191888337,0.0215057589184449,0.0268821986480562,baseline_current_structure,1.8318424403939235,0.0215057589184449,0.0,0.0
TAURANGA CITY,382.9281411902174,2538127.453650063,57.075261007279046,713739.9696356533,2.538127453650063,0.7137399696356533,0.0214121990890696,0.0285495987854261,0.0356869984817826,baseline_current_structure,2.538127453650063,0.0285495987854261,0.0,0.0
THAMES-COROMANDEL DISTRICT,244.27677480252848,1538580.289824006,28.66089862058092,356823.7344685892,1.5385802898240062,0.3568237344685891,0.0107047120340576,0.0142729493787435,0.0178411867234294,baseline_current_structure,1.5385802898240062,0.0142729493787435,0.0,0.0
TIMARU DISTRICT,1073.432502865356,6884044.131514043,134.50010091614618,1672173.8566820326,6.884044131514043,1.6721738566820326,0.0501652157004609,0.0668869542672813,0.0836086928341016,baseline_current_structure,6.884044131514043,0.0668869542672813,0.0,0.0
UPPER HUTT CITY,36.46201007498336,225244.0613573451,3.746558757258056,46264.10662734358,0.2252440613573451,0.0462641066273435,0.0013879231988203,0.0018505642650937,0.0023132053313671,baseline_current_structure,0.2252440613573451,0.0018505642650937,0.0,0.0
WAIKATO DISTRICT,733.0743901278075,4795341.988475543,96.5445692513582,1199300.4475800977,4.795341988475544,1.1993004475800977,0.0359790134274029,0.0479720179032039,0.0599650223790048,baseline_current_structure,4.795341988475544,0.0479720179032039,0.0,0.0
WAIMAKARIRI DISTRICT,504.51979793761245,3047790.030293393,52.42297555158805,652242.3794149911,3.047790030293393,0.6522423794149911,0.0195672713824497,0.0260896951765996,0.0326121189707495,baseline_current_structure,3.047790030293393,0.0260896951765996,0.0,0.0
WAIMATE DISTRICT,363.9401013010853,2351741.345819783,47.854417966733415,596263.9391507102,2.351741345819783,0.5962639391507102,0.0178879181745213,0.0238505575660284,0.0298131969575355,baseline_current_structure,2.351741345819783,0.0238505575660284,0.0,0.0
WAIPA DISTRICT,842.1897176348002,5534265.582287926,112.21557704651268,1397914.1760574244,5.534265582287926,1.3979141760574243,0.0419374252817227,0.0559165670422969,0.0698957088028712,baseline_current_structure,5.534265582287926,0.0559165670422969,0.0,0.0
WAIROA DISTRICT,63.73102903949461,388381.0478057118,6.631125496907936,82223.35315866796,0.3883810478057118,0.0822233531586679,0.00246670059476,0.0032889341263467,0.0041111676579333,baseline_current_structure,0.3883810478057118,0.0032889341263467,0.0,0.0
WAITAKI DISTRICT,695.762179642879,4430342.683132397,86.48610009691055,1075200.5182717298,4.430342683132397,1.07520051827173,0.0322560155481518,0.0430080207308692,0.0537600259135864,baseline_current_structure,4.430342683132397,0.0430080207308692,0.0,0.0
WAITOMO DISTRICT,139.82951290958047,937447.5132435092,20.84438523880429,259358.9051245394,0.9374475132435094,0.2593589051245394,0.0077807671537361,0.0103743562049815,0.0129679452562269,baseline_current_structure,0.9374475132435094,0.0103743562049815,0.0,0.0
WELLINGTON CITY,291.47978273623136,2092646.0661883147,53.39910653735579,666812.3071832261,2.0926460661883146,0.6668123071832261,0.0200043692154967,0.026672492287329,0.0333406153591613,baseline_current_structure,2.0926460661883146,0.026672492287329,0.0,0.0
WESTERN BAY OF PLENTY DISTRICT,570.1718752248761,3746247.264286272,84.53087399541165,1057493.967263568,3.746247264286272,1.057493967263568,0.031724819017907,0.0422997586905427,0.0528746983631784,baseline_current_structure,3.746247264286272,0.0422997586905427,0.0,0.0
WESTLAND DISTRICT,110.95131434582248,705193.1710153457,11.910857791856657,147146.5157533739,0.7051931710153457,0.1471465157533739,0.0044143954726012,0.0058858606301349,0.0073573257876686,baseline_current_structure,0.7051931710153457,0.0058858606301349,0.0,0.0
WHAKATANE DISTRICT,328.420419287488,2137458.978949544,43.32656306358301,539603.9322812092,2.137458978949544,0.5396039322812092,0.0161881179684362,0.0215841572912483,0.0269801966140604,baseline_current_structure,2.137458978949544,0.0215841572912483,0.0,0.0
WHANGANUI DISTRICT,168.7257309555788,1058641.6264701472,20.861129286622088,260046.9142799228,1.0586416264701473,0.2600469142799227,0.0078014074283976,0.0104018765711969,0.0130023457139961,baseline_current_structure,1.0586416264701473,0.0104018765711969,0.0,0.0
WHANGAREI DISTRICT,622.5160584335971,4137983.852561668,92.68660187099118,1160278.7808322627,4.137983852561668,1.1602787808322628,0.0348083634249678,0.0464111512332905,0.0580139390416131,baseline_current_structure,4.137983852561668,0.0464111512332905,0.0,0.0
,97.84386394766987,667124.738184593,15.941493639885934,199135.85445683368,0.6671247381845931,0.1991358544568336,0.005974075633705,0.0079654341782733,0.0099567927228416,baseline_current_structure,0.6671247381845931,0.0079654341782733,0.0,0.0
ASHBURTON DISTRICT,1768.537907490089,12343465.21835919,337.4078583284431,4318254.761080459,12.343465218359189,4.318254761080459,0.1295476428324137,0.1727301904432183,0.2159127380540229,moderate_modernization,11.548300232706268,0.1194015038634313,0.7951649856529208,0.053328686579786996
AUCKLAND,2522.8001626490627,17758186.245883647,502.82427609861816,6458603.610602556,17.758186245883646,6.458603610602556,0.1937581083180766,0.2583441444241022,0.3229301805301278,moderate_modernization,16.627994866371708,0.1811289701290834,1.1301913795119383,0.07721517429501878
BULLER DISTRICT,110.99713321151452,798450.3480110958,22.726545230998436,290675.6238808094,0.7984503480110958,0.2906756238808094,0.0087202687164242,0.0116270249552323,0.0145337811940404,moderate_modernization,0.7489319635990345,0.0080257813720318,0.049518384412061356,0.003601243583200499
CARTERTON DISTRICT,126.71879058284952,886228.6002731058,23.41436913505774,299326.64350850653,0.8862286002731058,0.2993266435085065,0.0089797993052551,0.0119730657403402,0.0149663321754253,moderate_modernization,0.8266526635896172,0.0081914403819712,0.059575936683488595,0.0037816253583689997
CENTRAL HAWKE'S BAY DISTRICT,212.0013218261553,1504660.6339595688,42.453060530952506,545477.1692388107,1.5046606339595687,0.5454771692388106,0.0163643150771643,0.0218190867695524,0.0272738584619405,moderate_modernization,1.4005342712112343,0.0152639675145466,0.10412636274833442,0.006555119255005799
CENTRAL OTAGO DISTRICT,466.7035038640905,3290744.416899901,90.87567147866956,1160571.0648773657,3.290744416899901,1.1605710648773655,0.0348171319463209,0.0464228425950946,0.0580285532438682,moderate_modernization,3.072535368262651,0.0319538765841533,0.2182090486372501,0.014468966010941296
CHRISTCHURCH CITY,910.2324161618304,6285738.475479837,171.84664229539868,2206296.9193271208,6.285738475479836,2.2062969193271207,0.0661889075798136,0.0882518767730848,0.110314845966356,moderate_modernization,5.884893087787285,0.0616434163649525,0.4008453876925513,0.0266084604081323
CLUTHA DISTRICT,536.8790288724092,3748425.258875606,101.03209171171402,1289731.0730155115,3.748425258875606,1.2897310730155118,0.0386919321904653,0.0515892429206204,0.0644865536507755,moderate_modernization,3.503162937645409,0.0353583410500016,0.24526232123019698,0.016230901870618798
DUNEDIN CITY,429.2020491315996,2896561.293085644,72.58229936077657,924109.9240011557,2.8965612930856435,0.9241099240011555,0.0277232977200346,0.0369643969600462,0.0462054962000577,moderate_modernization,2.710703263443168,0.0249981038943723,0.18585802964247566,0.0119662930656739
FAR NORTH DISTRICT,412.2182423402807,2688726.8822362125,61.83235645658724,785289.7941638221,2.6887268822362125,0.785289794163822,0.0235586938249146,0.0314115917665528,0.0392644897081911,moderate_modernization,2.5085428695882968,0.0209495293349538,0.18018401264791573,0.010462062431599004
GISBORNE DISTRICT,499.9736045664522,3352740.653114912,84.29663940689085,1075332.869181526,3.352740653114912,1.0753328691815258,0.0322599860754457,0.043013314767261,0.0537666434590762,moderate_modernization,3.139883170848877,0.0293188800113497,0.21285748226603518,0.0136944347559113
GORE DISTRICT,621.7518611502518,4403244.164200448,123.66577739619775,1582198.5935660338,4.403244164200449,1.5821985935660337,0.047465957806981,0.0632879437426413,0.0791099296783016,moderate_modernization,4.124921625298517,0.0437915890071769,0.27832253890193215,0.019496354735464398
GREY DISTRICT,115.42613003486466,788901.962678039,20.37905369746254,260512.0891146245,0.788901962678039,0.2605120891146245,0.0078153626734387,0.0104204835645849,0.0130256044557312,moderate_modernization,0.7344804283165991,0.0071535091911133,0.05442153436143993,0.003266974373471599
HAMILTON CITY,861.3882938515482,6216272.544886762,182.160120659909,2341519.946941412,6.216272544886762,2.341519946941412,0.0702455984082423,0.0936607978776564,0.1170759973470706,moderate_modernization,5.809363233345271,0.0658685064219831,0.406909311541491,0.0277922914556733
HASTINGS DISTRICT,771.7659136619548,5626053.142419158,172.1541588971698,2220460.9514018577,5.626053142419158,2.220460951401858,0.0666138285420557,0.0888184380560743,0.1110230475700928,moderate_modernization,5.259960600140723,0.0633541003925039,0.3660925422784347,0.025464337663570397
HAURAKI DISTRICT,288.3315059921745,1955672.1783336173,51.1804437662284,654729.3353255237,1.9556721783336173,0.6547293353255238,0.0196418800597657,0.0261891734130209,0.0327364667662761,moderate_modernization,1.8305792605902729,0.0180515749181537,0.1250929177433444,0.008137598494867199
HOROWHENUA DISTRICT,382.0555675313023,2591095.199292606,66.19579668929839,843706.1965030864,2.591095199292606,0.8437061965030863,0.0253111858950925,0.0337482478601234,0.0421853098251543,moderate_modernization,2.4205452086886896,0.0229557216346537,0.1705499906039165,0.010792526225469699
HURUNUI DISTRICT,323.0692323905395,2221861.357849451,56.98437658914172,726775.7270852246,2.2218613578494506,0.7267757270852245,0.0218032718125567,0.0290710290834089,0.0363387863542612,moderate_modernization,2.075917867712996,0.0197320061397213,0.14594349013645447,0.0093390229436876
INVERCARGILL CITY,845.9160075431454,5970750.790352037,165.9473375455134,2124324.529329329,5.970750790352037,2.124324529329329,0.0637297358798798,0.0849729811731731,0.1062162264664664,moderate_modernization,5.5922364119966295,0.0587915820066904,0.37851437835540747,0.026181399166482704
KAIKOURA DISTRICT,60.35016434423856,381984.3013837416,8.306761352414508,104888.9030411401,0.3819843013837416,0.1048889030411401,0.0031466670912342,0.0041955561216456,0.005244445152057,moderate_modernization,0.3561177267855578,0.0027489767646083,0.02586657459818381,0.0014465793570373003
KAIPARA DISTRICT,296.0282722047645,1937902.0115400665,44.12223949257174,558612.5303998056,1.9379020115400665,0.5586125303998056,0.0167583759119941,0.0223445012159922,0.0279306265199902,moderate_modernization,1.810338963274492,0.0147164063066793,0.12756304826557452,0.0076280949093128995
KAPITI COAST DISTRICT,119.08142340566626,745500.8267812424,16.459317314879435,209688.1076018145,0.7455008267812424,0.2096881076018145,0.0062906432280544,0.0083875243040725,0.0104844053800907,moderate_modernization,0.6971408817103086,0.0056672457177679,0.048359945070933774,0.0027202785863046
KAWERAU DISTRICT,5.028401204787997,29377.79459490565,0.5322607316602835,6823.563507552572,0.0293777945949056,0.0068235635075525,0.0002047069052265,0.0002729425403021,0.0003411781753776,moderate_modernization,0.0262431888803536,0.0001880186328313,0.0031346057145519995,8.492390747080002e-05
LOWER HUTT CITY,39.26108811759057,267927.18173231755,6.787223268804068,86780.29649578533,0.2679271817323175,0.0867802964957853,0.0026034088948735,0.0034712118598314,0.0043390148247892,moderate_modernization,0.2490457978918265,0.0023744207108029,0.01888138384049101,0.0010967911490285002
MACKENZIE DISTRICT,187.65783566349475,1319837.2976190166,35.8929534363028,457673.22006291366,1.3198372976190167,0.4576732200629136,0.0137301966018874,0.0183069288025165,0.0228836610031456,moderate_modernization,1.2345642757044004,0.0125072767188952,0.08527302191461628,0.0057996520836213015
MANAWATU DISTRICT,383.8805722953613,2720834.679463043,75.61786521844898,966103.5926533294,2.7208346794630427,0.9661035926533292,0.0289831077795998,0.0386441437061331,0.0483051796326664,moderate_modernization,2.5450366168247656,0.0266002650006977,0.17579806263827713,0.012043878705435402
MARLBOROUGH DISTRICT,1412.8133844334366,10285705.768234024,301.32614323486246,3865682.392465103,10.285705768234024,3.865682392465103,0.115970471773953,0.1546272956986041,0.1932841196232551,moderate_modernization,9.615131293152665,0.1080581282240769,0.6705744750813594,0.04656916747452719
MASTERTON DISTRICT,197.97359628602888,1351928.810975233,34.56729267249523,441294.91931092914,1.351928810975233,0.4412949193109291,0.0132388475793278,0.0176517967724371,0.0220647459655464,moderate_modernization,1.2613191786322346,0.01205059759485,0.09060963234299835,0.005601199177587101
MATAMATA-PIAKO DISTRICT,1090.8343014353588,7744002.889019983,215.552912148216,2761860.043594966,7.744002889019983,2.7618600435949667,0.0828558013078489,0.1104744017437986,0.1380930021797483,moderate_modernization,7.232557854348387,0.0765633172250073,0.5114450346715964,0.03391108451879131
NAPIER CITY,238.36879350756357,1658652.0954551727,44.67783824319163,570618.4557944594,1.658652095455173,0.5706184557944595,0.0171185536738337,0.0228247382317783,0.0285309227897229,moderate_modernization,1.5525999340525511,0.0156857265538119,0.10605216140262175,0.007139011677966399
NELSON CITY,111.5593393164607,736922.7293348853,18.113858946111165,231196.25245261693,0.7369227293348852,0.2311962524526169,0.0069358875735785,0.0092478500981046,0.0115598126226308,moderate_modernization,0.6903671495025453,0.0063135303610777,0.04655557983233993,0.002934319737026899
NEW PLYMOUTH DISTRICT,522.9005177726485,3404316.664032081,76.60475748529636,969725.9380432786,3.404316664032081,0.9697259380432788,0.0290917781412983,0.0387890375217311,0.0484862969021639,moderate_modernization,3.18645135092871,0.025485360631864,0.21786531310337098,0.0133036768898671
OPOTIKI DISTRICT,117.95395062300416,780837.5454449016,19.069317385911443,242610.61494230537,0.7808375454449016,0.2426106149423053,0.0072783184482691,0.0097044245976922,0.0121305307471152,moderate_modernization,0.7288887409642246,0.0065700407320445,0.05194880448067696,0.0031343838656476995
OTOROHANGA DISTRICT,268.179886942269,1867926.9303823388,51.28957681345938,656788.8338392316,1.867926930382339,0.6567888338392316,0.0197036650151769,0.0262715533535692,0.0328394416919615,moderate_modernization,1.7534829923406692,0.0181892676871464,0.11444393804166975,0.0080822856664228
PALMERSTON NORTH CITY,742.2436245459618,5151326.998569119,138.86818543542117,1780735.439847501,5.151326998569119,1.780735439847501,0.053422063195425,0.0712294175939,0.089036771992375,moderate_modernization,4.810163628036168,0.0494460060347705,0.34116337053295087,0.021783411559129502
PORIRUA CITY,50.55938805328531,363060.91835588193,10.05381578454536,129028.9124788747,0.3630609183558819,0.1290289124788747,0.0038708673743662,0.0051611564991549,0.0064514456239437,moderate_modernization,0.3413799232320892,0.0035704450098537,0.02168099512379268,0.0015907114893011997
QUEENSTOWN-LAKES DISTRICT,210.0831162620112,1451011.1671074436,37.430029501521695,476279.3860141375,1.4510111671074435,0.4762793860141375,0.0142883815804241,0.0190511754405655,0.0238139693007068,moderate_modernization,1.3592592702183128,0.0128472444483086,0.09175189688913066,0.0062039309922569015
RANGITIKEI DISTRICT,352.959699402742,2501185.8383714887,70.82962298921649,909126.2996018428,2.5011858383714887,0.9091262996018428,0.0272737889880552,0.0363650519840737,0.0454563149800921,moderate_modernization,2.337476688268415,0.0254205767554592,0.16370915010307385,0.010944475228614501
ROTORUA DISTRICT,429.4056990569468,3169835.5777497757,95.5096096441632,1226127.1869264375,3.169835577749775,1.2261271869264376,0.0367838156077931,0.0490450874770575,0.0613063593463218,moderate_modernization,2.966561007354609,0.034402217736039,0.20327457039516617,0.0146428697410185
RUAPEHU DISTRICT,165.245339559558,1130215.0124209477,29.18507743232145,372899.7093161566,1.1302150124209476,0.3728997093161565,0.0111869912794846,0.0149159883726462,0.0186449854658078,moderate_modernization,1.05527127113511,0.0102099857238365,0.07494374128583758,0.0047060026488096995
SELWYN DISTRICT,605.2736196007075,4050747.2282126336,102.67725140895814,1311815.6567010975,4.050747228212634,1.3118156567010977,0.0393544697010329,0.0524726262680439,0.0655907828350548,moderate_modernization,3.7978523982735553,0.0359454884470945,0.25289482993907875,0.016527137820949403
SOUTH TARANAKI DISTRICT,554.1357167876229,3788970.1882680366,97.23714993515604,1240260.1924733098,3.7889701882680367,1.24026019247331,0.0372078057741993,0.0496104076989323,0.0620130096236654,moderate_modernization,3.5363713063141637,0.0337878663717214,0.2525988819538729,0.0158225413272109
SOUTH WAIKATO DISTRICT,382.209602586904,2806188.697794852,83.48874320022624,1068947.9498497886,2.806188697794852,1.0689479498497885,0.0320684384954936,0.0427579179939915,0.0534473974924894,moderate_modernization,2.628109140136822,0.0297550293517494,0.17807955765802985,0.0130028886422421
SOUTH WAIRARAPA DISTRICT,181.1856184224424,1267842.9251917708,33.27380120528331,424234.29735315614,1.2678429251917709,0.4242342973531561,0.0127270289205946,0.0169693718941262,0.0212117148676578,moderate_modernization,1.1866897250214266,0.0115025182717198,0.08115320017034433,0.005466853622406401
SOUTHLAND DISTRICT,1365.854155895003,9691539.430016791,271.7751707080812,3478337.1383301904,9.691539430016793,3.47833713833019,0.1043501141499057,0.1391334855332076,0.1739168569165095,moderate_modernization,9.068056144146444,0.0962550859675614,0.6234832858703481,0.042878399565646194
STRATFORD DISTRICT,177.6794182281247,1200005.8841792848,29.952708979635524,380982.9071234657,1.2000058841792849,0.3809829071234657,0.0114294872137039,0.0152393162849386,0.0190491453561732,moderate_modernization,1.1215635026361326,0.010260509374518,0.0784423815431523,0.004978806910420601
TARARUA DISTRICT,378.7291616759216,2625750.6801952585,71.91937800179483,922424.6792402564,2.6257506801952584,0.9224246792402564,0.0276727403772076,0.0368969871696102,0.0461212339620128,moderate_modernization,2.4517973457199296,0.0257146198018853,0.1739533344753288,0.011182367367724901
TASMAN DISTRICT,867.4433169845639,5685394.603051172,135.1701359942104,1720904.4633219168,5.685394603051171,1.7209044633219168,0.0516271338996575,0.0688361785328766,0.0860452231660958,moderate_modernization,5.33159561090429,0.0464457347225647,0.3537989921468814,0.022390443810311904
TAUPO DISTRICT,263.894756075808,1957321.377510271,59.66698333421967,766127.407450353,1.9573213775102711,0.766127407450353,0.0229838222235105,0.0306450962980141,0.0383063703725176,moderate_modernization,1.8318424403939235,0.0215057589184449,0.1254789371163476,0.0091393373795692
TAURANGA CITY,382.9281411902174,2712763.8078634427,78.46641951833007,1010099.947315636,2.712763807863442,1.010099947315636,0.030302998419469,0.0404039978926254,0.0505049973657818,moderate_modernization,2.538127453650063,0.0285495987854261,0.17463635421337909,0.0118543991071993
THAMES-COROMANDEL DISTRICT,244.27677480252848,1641572.5620908092,41.080573996627656,524301.3965038328,1.6415725620908093,0.5243013965038328,0.0157290418951149,0.0209720558601533,0.0262150698251916,moderate_modernization,1.5385802898240062,0.0142729493787435,0.10299227226680308,0.006699106481409799
TIMARU DISTRICT,1073.432502865356,7355721.816843451,191.95962004549904,2449422.505779448,7.355721816843451,2.449422505779448,0.0734826751733834,0.0979769002311779,0.1224711252889724,moderate_modernization,6.884044131514043,0.0668869542672813,0.471677685329408,0.031089945963896595
UPPER HUTT CITY,36.46201007498336,241462.7840133533,5.576991973959037,70485.43986293874,0.2414627840133532,0.0704854398629387,0.0021145631958881,0.0028194175945175,0.0035242719931469,moderate_modernization,0.2252440613573451,0.0018505642650937,0.0162187226560081,0.0009688533294238001
WAIKATO DISTRICT,733.0743901278074,5128171.5963164745,137.73292741454787,1756742.9113215609,5.1281715963164745,1.756742911321561,0.0527022873396468,0.0702697164528624,0.087837145566078,moderate_modernization,4.795341988475544,0.0479720179032039,0.33282960784093074,0.022297698549658497
WAIMAKARIRI DISTRICT,504.51979793761245,3252814.4210392656,75.59050894032791,963585.0734757708,3.252814421039265,0.9635850734757708,0.0289075522042731,0.0385434029390308,0.0481792536737885,moderate_modernization,3.047790030293393,0.0260896951765996,0.20502439074587198,0.012453707762431203
WAIMATE DISTRICT,363.9401013010853,2512960.992525451,67.49752073273051,863818.1410200758,2.512960992525451,0.8638181410200758,0.0259145442306022,0.034552725640803,0.0431909070510037,moderate_modernization,2.351741345819783,0.0238505575660284,0.16121964670566769,0.010702168074774601
WAIPA DISTRICT,842.1897176348002,5913468.358828497,159.46946142118583,2038440.873249095,5.9134683588284975,2.038440873249095,0.0611532261974728,0.0815376349299638,0.1019220436624547,moderate_modernization,5.534265582287926,0.0559165670422969,0.37920277654057166,0.025621067887666896
WAIROA DISTRICT,63.731029039494615,413982.7171053804,9.656235616157009,122686.35820249424,0.4139827171053803,0.1226863582024942,0.0036805907460748,0.0049074543280997,0.0061343179101247,moderate_modernization,0.3883810478057118,0.0032889341263467,0.025601669299668506,0.0016185202017529998
WAITAKI DISTRICT,695.762179642879,4740448.044169086,123.09596469784248,1571284.8167618546,4.740448044169086,1.5712848167618545,0.0471385445028556,0.0628513926704741,0.0785642408380927,moderate_modernization,4.430342683132397,0.0430080207308692,0.3101053610366886,0.0198433719396049
WAITOMO DISTRICT,139.82951290958047,1002106.5254090114,28.997529860972023,371530.308471114,1.0021065254090114,0.371530308471114,0.0111459092541334,0.0148612123388445,0.0185765154235557,moderate_modernization,0.9374475132435094,0.0103743562049815,0.06465901216550196,0.004486856133863
WELLINGTON CITY,291.47978273623136,2236324.386105522,72.79691526283497,937470.0035034484,2.236324386105522,0.9374700035034484,0.0281241001051034,0.0374988001401379,0.0468735001751724,moderate_modernization,2.0926460661883146,0.026672492287329,0.14367831991720736,0.0108263078528089
WESTERN BAY OF PLENTY DISTRICT,570.1718752248761,4014062.474359117,115.67038978300027,1490406.8286568718,4.0140624743591165,1.490406828656872,0.0447122048597061,0.0596162731462748,0.0745203414328435,moderate_modernization,3.746247264286272,0.0422997586905427,0.2678152100728446,0.017316514455732103
WESTLAND DISTRICT,110.95131434582248,752802.1490138766,17.908775873522913,226101.5022341621,0.7528021490138765,0.226101502234162,0.0067830450670248,0.0090440600893664,0.0113050751117081,moderate_modernization,0.7051931710153457,0.0058858606301349,0.04760897799853081,0.0031581994592314996
WHAKATANE DISTRICT,328.420419287488,2288493.993545537,61.35563256170333,784563.8810251366,2.288493993545537,0.7845638810251365,0.023536916430754,0.0313825552410054,0.0392281940512568,moderate_modernization,2.137458978949544,0.0215841572912483,0.15103501459599267,0.009798397949757103
WHANGANUI DISTRICT,168.7257309555788,1134506.8285603896,29.37777116029517,376154.9410127642,1.1345068285603896,0.3761549410127642,0.0112846482303829,0.0150461976405105,0.0188077470506382,moderate_modernization,1.0586416264701473,0.0104018765711969,0.07586520209024239,0.0046443210693136
WHANGAREI DISTRICT,622.5160584335971,4424958.927507973,127.59216676641518,1643207.7744359977,4.424958927507974,1.6432077744359974,0.0492962332330799,0.0657283109774399,0.0821603887217998,moderate_modernization,4.137983852561668,0.0464111512332905,0.28697507494630603,0.019317159744149402
,97.84386394766987,713768.047315107,21.760059699640767,280229.7051790723,0.713768047315107,0.2802297051790722,0.0084068911553721,0.0112091882071628,0.0140114852589536,moderate_modernization,0.6671247381845931,0.0079654341782733,0.046643309130513955,0.0032437540288895
ASHBURTON DISTRICT,1768.537907490089,13103037.402600698,435.1546910613811,5651471.925575133,13.103037402600698,5.651471925575134,0.1695441577672539,0.2260588770230053,0.2825735962787566,accelerated_modernization,11.548300232706268,0.1194015038634313,1.5547371698944303,0.106657373159574
AUCKLAND,2522.8001626490627,18849944.90343433,642.9469486445018,8388982.967978027,18.84994490343433,8.388982967978027,0.2516694890393408,0.3355593187191211,0.4194491483989013,accelerated_modernization,16.627994866371708,0.1811289701290834,2.221950037062623,0.15443034859003768
BULLER DISTRICT,110.99713321151452,847351.3145895278,29.331351737465035,380706.7134608233,0.8473513145895278,0.3807067134608233,0.0114212014038246,0.0152282685384329,0.0190353356730411,accelerated_modernization,0.7489319635990345,0.0080257813720318,0.09841935099049337,0.0072024871664011
CARTERTON DISTRICT,126.71879058284952,941813.937908454,30.405401474512587,393867.2774677317,0.941813937908454,0.3938672774677317,0.0118160183240319,0.0157546910987092,0.0196933638733865,accelerated_modernization,0.8266526635896172,0.0081914403819712,0.11516127431883683,0.007563250716737998
CENTRAL HAWKE'S BAY DISTRICT,212.0013218261553,1602402.0849060698,54.38199964185844,709355.1506139543,1.6024020849060698,0.7093551506139543,0.0212806545184186,0.0283742060245581,0.0354677575306977,accelerated_modernization,1.4005342712112343,0.0152639675145466,0.20186781369483553,0.013110238510011502
CENTRAL OTAGO DISTRICT,466.7035038640905,3498641.241394793,117.43575744816256,1522295.2151508976,3.498641241394793,1.5222952151508975,0.0456688564545269,0.0608918086060359,0.0761147607575448,accelerated_modernization,3.072535368262651,0.0319538765841533,0.4261058731321423,0.0289379320218826
CHRISTCHURCH CITY,910.2324161618304,6667424.857050524,220.2968953309762,2871508.429530429,6.667424857050524,2.8715084295304294,0.0861452528859128,0.1148603371812171,0.1435754214765214,accelerated_modernization,5.884893087787285,0.0616434163649525,0.7825317692632394,0.053216920816264605
CLUTHA DISTRICT,536.8790288724092,3981195.408226435,130.93398717542914,1695503.6197809817,3.981195408226435,1.6955036197809816,0.0508651085934294,0.0678201447912392,0.084775180989049,accelerated_modernization,3.503162937645409,0.0353583410500016,0.47803247058102594,0.032461803741237596
DUNEDIN CITY,429.2020491315995,3069758.602709096,94.82846620535388,1223267.2506430023,3.069758602709096,1.2232672506430022,0.03669801751929,0.0489306900257201,0.0611633625321501,accelerated_modernization,2.710703263443168,0.0249981038943723,0.35905533926592836,0.0239325861313478
FAR NORTH DISTRICT,412.2182423402806,2849589.2010648046,81.45712523820116,1046841.354953799,2.8495892010648047,1.0468413549537992,0.0314052406486139,0.0418736541981519,0.0523420677476899,accelerated_modernization,2.5085428695882968,0.0209495293349538,0.341046331476508,0.020924124863198102
GISBORNE DISTRICT,499.97360456645214,3551169.208165539,109.6340307747692,1417693.7380793088,3.551169208165539,1.4176937380793089,0.0425308121423792,0.0567077495231723,0.0708846869039654,accelerated_modernization,3.139883170848877,0.0293188800113497,0.4112860373166618,0.027388869511822598
GORE DISTRICT,621.7518611502518,4674096.119883652,159.3508640572776,2069607.4619526449,4.674096119883652,2.069607461952645,0.0620882238585793,0.0827842984781057,0.1034803730976322,accelerated_modernization,4.124921625298517,0.0437915890071769,0.5491744945851353,0.0389927094709288
GREY DISTRICT,115.42613003486466,838674.5768136162,26.398915904575706,342186.4484514155,0.8386745768136162,0.3421864484514155,0.0102655934535424,0.0136874579380566,0.0171093224225707,accelerated_modernization,0.7344804283165991,0.0071535091911133,0.10419414849701714,0.006533948746943299
HAMILTON CITY,861.3882938515482,6610887.896132117,232.4766699164245,3036327.233333246,6.610887896132117,3.036327233333246,0.0910898169999973,0.1214530893333298,0.1518163616666623,accelerated_modernization,5.809363233345271,0.0658685064219831,0.8015246627868455,0.0555845829113467
HASTINGS DISTRICT,771.7659136619548,5985604.596760672,217.72592466050884,2857069.3929911167,5.985604596760672,2.8570693929911166,0.0857120817897335,0.1142827757196446,0.1428534696495558,accelerated_modernization,5.259960600140723,0.0633541003925039,0.725643996619949,0.050928675327140696
HAURAKI DISTRICT,288.3315059921745,2073334.5986405413,66.12985025946764,858169.2976972044,2.073334598640541,0.8581692976972044,0.0257450789309161,0.0343267719078881,0.0429084648848602,accelerated_modernization,1.8305792605902729,0.0180515749181537,0.24275533805026828,0.016275196989734397
HOROWHENUA DISTRICT,382.0555675313024,2749550.7415918075,86.18144271421717,1113519.3521398294,2.7495507415918072,1.1135193521398294,0.0334055805641948,0.0445407740855931,0.0556759676069914,accelerated_modernization,2.4205452086886896,0.0229557216346537,0.3290055329031176,0.0215850524509394
HURUNUI DISTRICT,323.0692323905395,2357921.112771108,74.32578577775453,960251.3006774152,2.3579211127711077,0.9602513006774154,0.0288075390203224,0.0384100520270966,0.0480125650338707,accelerated_modernization,2.075917867712996,0.0197320061397213,0.2820032450581116,0.018678045887375302
INVERCARGILL CITY,845.9160075431454,6336916.387123297,213.9059413095033,2778859.5084913946,6.336916387123297,2.7788595084913945,0.0833657852547418,0.1111543803396557,0.1389429754245697,accelerated_modernization,5.5922364119966295,0.0587915820066904,0.744679975126668,0.0523627983329653
KAIKOURA DISTRICT,60.35016434423856,404695.3107525578,11.040595827353386,141053.38696707052,0.4046953107525578,0.1410533869670705,0.0042316016090121,0.0056421354786828,0.0070526693483535,accelerated_modernization,0.3561177267855578,0.0027489767646083,0.048577583967000015,0.0028931587140745003
KAIPARA DISTRICT,296.02827220476456,2052655.9204389509,58.523879045318594,749314.903132628,2.052655920438951,0.7493149031326279,0.0224794470939788,0.0299725961253051,0.0374657451566314,accelerated_modernization,1.810338963274492,0.0147164063066793,0.242316957164459,0.0152561898186258
KAPITI COAST DISTRICT,119.08142340566629,788073.3189132666,21.52422794546663,277695.0722594303,0.7880733189132666,0.2776950722594303,0.0083308521677829,0.0111078028903772,0.0138847536129715,accelerated_modernization,0.6971408817103086,0.0056672457177679,0.09093243720295796,0.0054405571726093005
KAWERAU DISTRICT,5.028401204787997,31688.200364964687,0.6887848667007325,8946.661194321969,0.0316882003649646,0.0089466611943219,0.0002683998358296,0.0003578664477728,0.000447333059716,accelerated_modernization,0.0262431888803536,0.0001880186328313,0.005445011484611,0.00016984781494149999
LOWER HUTT CITY,39.26108811759057,284974.04956228007,8.815566938015792,114200.07522149652,0.28497404956228,0.1142000752214965,0.0034260022566448,0.0045680030088598,0.0057100037610748,accelerated_modernization,0.2490457978918265,0.0023744207108029,0.03592825167045352,0.0021935822980569003
MACKENZIE DISTRICT,187.65783566349472,1401614.1038980354,46.59475441812966,602664.522153445,1.4016141038980354,0.602664522153445,0.0180799356646033,0.0241065808861378,0.0301332261076722,accelerated_modernization,1.2345642757044004,0.0125072767188952,0.167049828193635,0.011599304167242601
MANAWATU DISTRICT,383.8805722953612,2890322.3260367243,97.73702911961722,1267200.5602892153,2.890322326036724,1.2672005602892151,0.0380160168086764,0.0506880224115686,0.0633600280144607,accelerated_modernization,2.5450366168247656,0.0266002650006977,0.34528570921195856,0.024087757410870898
MARLBOROUGH DISTRICT,1412.8133844334366,10939574.5517004,385.9939368951617,5029911.57932828,10.9395745517004,5.02991157932828,0.1508973473798484,0.2011964631731312,0.251495578966414,accelerated_modernization,9.615131293152665,0.1080581282240769,1.3244432585477348,0.0931383349490543
MASTERTON DISTRICT,197.97359628602885,1435449.8002405935,44.92536760401956,581324.8987506076,1.4354498002405938,0.5813248987506077,0.0174397469625182,0.0232529959500243,0.0290662449375303,accelerated_modernization,1.2613191786322346,0.01205059759485,0.17413062160835913,0.0112023983551743
MATAMATA-PIAKO DISTRICT,1090.8343014353586,8231549.009722415,277.63896620570017,3609637.15656475,8.231549009722416,3.60963715656475,0.1082891146969424,0.1443854862625899,0.1804818578282375,accelerated_modernization,7.232557854348387,0.0765633172250073,0.9989911553740294,0.0678221690375826
NAPIER CITY,238.36879350756357,1759888.2470355758,57.80410571881626,749093.7477436212,1.759888247035576,0.7490937477436213,0.0224728124323086,0.0299637499097448,0.037454687387181,accelerated_modernization,1.5525999340525511,0.0156857265538119,0.20728831298302475,0.014278023355932902
NELSON CITY,111.55933931646068,779914.3589013102,23.53860299200918,304554.2458782891,0.7799143589013102,0.3045542458782891,0.0091366273763486,0.0121821698351315,0.0152277122939144,accelerated_modernization,0.6903671495025453,0.0063135303610777,0.08954720939876493,0.0058686394740538
NEW PLYMOUTH DISTRICT,522.9005177726485,3601260.5959788645,101.76473736739926,1302317.8602899574,3.6012605959788644,1.3023178602899574,0.0390695358086987,0.0520927144115982,0.0651158930144978,accelerated_modernization,3.18645135092871,0.025485360631864,0.4148092450501544,0.026607353779734198
OPOTIKI DISTRICT,117.95395062300416,828128.8761344745,24.88554449851603,320970.21158349694,0.8281288761344745,0.3209702115834969,0.0096291063475049,0.0128388084633398,0.0160485105791748,accelerated_modernization,0.7288887409642246,0.0065700407320445,0.09924013517024988,0.006268767731295301
OTOROHANGA DISTRICT,268.179886942269,1979304.2526334303,66.09081866675633,858845.9754998013,1.9793042526334303,0.8588459754998014,0.025765379264994,0.034353839019992,0.04294229877499,accelerated_modernization,1.7534829923406692,0.0181892676871464,0.22582126029276117,0.016164571332845597
PALMERSTON NORTH CITY,742.2436245459617,5471261.111306377,178.72510686475516,2325320.7288257387,5.471261111306377,2.3253207288257385,0.0697596218647721,0.0930128291530295,0.1162660364412869,accelerated_modernization,4.810163628036168,0.0494460060347705,0.6610974832702086,0.043566823118259
PORIRUA CITY,50.5593880532853,384438.9021414183,12.977481551012456,168796.6997114045,0.3844389021414183,0.1687966997114045,0.0050639009913421,0.0067518679884561,0.0084398349855702,accelerated_modernization,0.3413799232320892,0.0035704450098537,0.04305897890932908,0.0031814229786024
QUEENSTOWN-LAKES DISTRICT,210.0831162620112,1538203.5722079617,48.9844781229944,631377.6608205575,1.5382035722079617,0.6313776608205575,0.0189413298246167,0.0252551064328223,0.0315688830410278,accelerated_modernization,1.3592592702183128,0.0128472444483086,0.17894430198964884,0.012407861984513702
RANGITIKEI DISTRICT,352.959699402742,2658100.869767887,90.73476131929954,1182738.180317204,2.658100869767887,1.182738180317204,0.0354821454095161,0.0473095272126881,0.0591369090158602,accelerated_modernization,2.337476688268415,0.0254205767554592,0.32062418149947236,0.0218889504572289
ROTORUA DISTRICT,429.4056990569468,3371405.9333897275,122.04983385952907,1592198.9304519002,3.3714059333897275,1.5921989304519002,0.047765967913557,0.063687957218076,0.079609946522595,accelerated_modernization,2.966561007354609,0.034402217736039,0.40484492603511857,0.029285739482037006
RUAPEHU DISTRICT,165.245339559558,1199736.0386904175,37.87515962497719,490549.7755363983,1.1997360386904177,0.4905497755363983,0.0147164932660919,0.0196219910214559,0.0245274887768199,accelerated_modernization,1.05527127113511,0.0102099857238365,0.14446476755530768,0.0094120052976194
SELWYN DISTRICT,605.2736196007075,4287985.274615818,133.17089294967988,1724994.1022248317,4.287985274615818,1.7249941022248314,0.0517498230667449,0.0689997640889932,0.0862497051112415,accelerated_modernization,3.7978523982735553,0.0359454884470945,0.49013287634226277,0.03305427564189871
SOUTH TARANAKI DISTRICT,554.1357167876229,4022936.099952266,126.5298103282427,1635823.7256535836,4.022936099952266,1.6358237256535837,0.0490747117696075,0.0654329490261433,0.0817911862826791,accelerated_modernization,3.5363713063141637,0.0337878663717214,0.4865647936381019,0.0316450826544219
SOUTH WAIKATO DISTRICT,382.209602586904,2983365.92507817,107.17272164247277,1394020.1659058407,2.98336592507817,1.3940201659058409,0.0418206049771752,0.0557608066362336,0.069701008295292,accelerated_modernization,2.628109140136822,0.0297550293517494,0.35525678494134816,0.026005777284484197
SOUTH WAIRARAPA DISTRICT,181.1856184224424,1345006.7636236837,43.43333181025229,560905.6379133159,1.3450067636236838,0.5609056379133159,0.0168271691373994,0.0224362255165326,0.0280452818956657,accelerated_modernization,1.1866897250214266,0.0115025182717198,0.1583170386022572,0.0109337072448128
SOUTHLAND DISTRICT,1365.8541558950028,10294168.12544855,350.3062547753776,4550297.127471344,10.294168125448548,4.550297127471343,0.1365089138241403,0.1820118850988537,0.2275148563735672,accelerated_modernization,9.068056144146444,0.0962550859675614,1.226111981302104,0.08575679913129229
STRATFORD DISTRICT,177.6794182281247,1272734.6442511573,39.23379052615129,505453.0798839809,1.2727346442511571,0.5054530798839809,0.0151635923965194,0.0202181231953592,0.025272653994199,accelerated_modernization,1.1215635026361326,0.010260509374518,0.15117114161502454,0.0099576138208412
TARARUA DISTRICT,378.7291616759216,2789652.8869478507,92.30196222207726,1201983.8634333797,2.7896528869478505,1.2019838634333797,0.0360595159030013,0.0480793545373351,0.0600991931716689,accelerated_modernization,2.4517973457199296,0.0257146198018853,0.33785554122792094,0.0223647347354498
TASMAN DISTRICT,867.4433169845639,6011087.221886123,176.87761615410122,2280665.5585797145,6.011087221886123,2.2806655585797144,0.0684199667573914,0.0912266223431885,0.1140332779289857,accelerated_modernization,5.33159561090429,0.0464457347225647,0.6794916109818327,0.0447808876206238
TAUPO DISTRICT,263.894756075808,2082448.2433823363,76.22762109235798,994610.8419395818,2.0824482433823364,0.9946108419395818,0.0298383252581874,0.0397844336775832,0.049730542096979,accelerated_modernization,1.8318424403939235,0.0215057589184449,0.25060580298841284,0.0182786747591383
TAURANGA CITY,382.9281411902175,2881568.7686496736,99.8575780293811,1306459.924995619,2.8815687686496734,1.306459924995619,0.0391937977498685,0.0522583969998247,0.0653229962497809,accelerated_modernization,2.538127453650063,0.0285495987854261,0.3434413149996103,0.0237087982143986
THAMES-COROMANDEL DISTRICT,244.2767748025285,1737833.8634823854,53.5002493726744,691779.0585390764,1.737833863482385,0.6917790585390764,0.0207533717561722,0.027671162341563,0.0345889529269538,accelerated_modernization,1.5385802898240062,0.0142729493787435,0.19925357365837892,0.013398212962819499
TIMARU DISTRICT,1073.432502865356,7801003.130784231,249.41913917485192,3226671.154876864,7.801003130784231,3.2266711548768634,0.0968001346463059,0.1290668461950745,0.1613335577438431,accelerated_modernization,6.884044131514043,0.0668869542672813,0.9169589992701885,0.06217989192779319
UPPER HUTT CITY,36.46201007498336,256075.04470308303,7.4074251906600175,94706.7730985339,0.256075044703083,0.0947067730985339,0.002841203192956,0.0037882709239413,0.0047353386549266,accelerated_modernization,0.2252440613573451,0.0018505642650937,0.030830983345737917,0.0019377066588476
WAIKATO DISTRICT,733.0743901278075,5445182.934579273,178.92128557773754,2314185.3750630245,5.445182934579273,2.3141853750630244,0.0694255612518907,0.0925674150025209,0.1157092687531512,accelerated_modernization,4.795341988475544,0.0479720179032039,0.6498409461037289,0.044595397099317
WAIMAKARIRI DISTRICT,504.5197979376124,3438614.5877800053,98.75804232906772,1274927.7675365508,3.4386145877800054,1.274927767536551,0.0382478330260965,0.050997110701462,0.0637463883768275,accelerated_modernization,3.047790030293393,0.0260896951765996,0.39082455748661227,0.0249074155248624
WAIMATE DISTRICT,363.9401013010853,2666100.616043666,87.14062349872762,1131372.3428894414,2.666100616043666,1.131372342889441,0.0339411702866832,0.0452548937155776,0.056568617144472,accelerated_modernization,2.351741345819783,0.0238505575660284,0.3143592702238829,0.021404336149549202
WAIPA DISTRICT,842.1897176348002,6275765.478388098,206.72334579585893,2678967.570440765,6.275765478388098,2.678967570440765,0.0803690271132229,0.1071587028176306,0.1339483785220382,accelerated_modernization,5.534265582287926,0.0559165670422969,0.741499896100172,0.051242135775333694
WAIROA DISTRICT,63.73102903949461,437489.8407506933,12.68134573540608,163149.36324632057,0.4374898407506933,0.1631493632463205,0.0048944808973896,0.0065259745298528,0.008157468162316,accelerated_modernization,0.3883810478057118,0.0032889341263467,0.049108792944981494,0.0032370404035061
WAITAKI DISTRICT,695.762179642879,5030208.161000246,159.7058292987744,2067369.1152519796,5.030208161000246,2.0673691152519797,0.0620210734575593,0.0826947646100791,0.1033684557625989,accelerated_modernization,4.430342683132397,0.0430080207308692,0.5998654778678487,0.0396867438792099
WAITOMO DISTRICT,139.82951290958047,1065074.5663514263,37.15067448313976,483701.7118176885,1.0650745663514265,0.4837017118176885,0.0145110513545306,0.0193480684727075,0.0241850855908844,accelerated_modernization,0.9374475132435094,0.0103743562049815,0.1276270531079171,0.008973712267726001
WELLINGTON CITY,291.47978273623136,2382702.609433873,92.19472398831417,1208127.6998236706,2.382702609433873,1.2081276998236703,0.0362438309947101,0.0483251079929468,0.0604063849911835,accelerated_modernization,2.0926460661883146,0.026672492287329,0.2900565432455582,0.0216526157056178
WESTERN BAY OF PLENTY DISTRICT,570.1718752248761,4268597.4651906565,146.8099055705889,1923319.690050176,4.268597465190656,1.923319690050176,0.0576995907015052,0.076932787602007,0.0961659845025087,accelerated_modernization,3.746247264286272,0.0422997586905427,0.5223502009043846,0.0346330289114643
WESTLAND DISTRICT,110.95131434582248,797287.1628554647,23.90669395518917,305056.48871495016,0.7972871628554647,0.3050564887149501,0.0091516946614485,0.012202259548598,0.0152528244357475,accelerated_modernization,0.7051931710153457,0.0058858606301349,0.09209399184011902,0.006316398918463101
WHAKATANE DISTRICT,328.420419287488,2430765.071417324,79.38470205982364,1029523.8297690642,2.430765071417324,1.0295238297690643,0.0308857148930719,0.0411809531907625,0.0514761914884532,accelerated_modernization,2.137458978949544,0.0215841572912483,0.29330609246777994,0.019596795899514203
WHANGANUI DISTRICT,168.7257309555788,1204390.5999365314,37.89441303396824,492262.9677456055,1.2043905999365314,0.4922629677456055,0.0147678890323681,0.0196905187098242,0.0246131483872802,accelerated_modernization,1.0586416264701473,0.0104018765711969,0.14574897346638416,0.0092886421386273
WHANGAREI DISTRICT,622.5160584335971,4701346.674879669,162.49773166183917,2126136.768039732,4.7013466748796695,2.126136768039732,0.0637841030411919,0.0850454707215892,0.1063068384019866,accelerated_modernization,4.137983852561668,0.0464111512332905,0.5633628223180018,0.0386343194882987
,97.84386394766987,759549.3153501122,27.578625759395592,361323.5559013109,0.7595493153501122,0.3613235559013109,0.0108397066770393,0.0144529422360524,0.0180661777950655,accelerated_modernization,0.6671247381845931,0.0079654341782733,0.0924245771655191,0.0064875080577791
ASHBURTON DISTRICT,1768.537907490089,13289386.13931284,427.5309321562816,5741234.980944644,13.28938613931284,5.741234980944644,0.1722370494283393,0.2296493992377857,0.2870617490472322,scr_push,11.548300232706268,0.1194015038634313,1.741085906606573,0.11024789537435441
AUCKLAND,2522.8001626490627,19171055.90738653,633.8991529731518,8551095.286572974,19.17105590738653,8.551095286572973,0.2565328585971892,0.342043811462919,0.4275547643286487,scr_push,16.627994866371708,0.1811289701290834,2.5430610410148233,0.1609148413338356
BULLER DISTRICT,110.9971332115145,864231.3611752385,28.86368870035344,387256.511548291,0.8642313611752385,0.387256511548291,0.0116176953464487,0.0154902604619316,0.0193628255774145,scr_push,0.7489319635990345,0.0080257813720318,0.115299397576204,0.007464479089899799
CARTERTON DISTRICT,126.71879058284952,949652.758402968,29.65958640164348,397543.3871603261,0.949652758402968,0.3975433871603261,0.0119263016148097,0.015901735486413,0.0198771693580163,scr_push,0.8266526635896172,0.0081914403819712,0.12300009481335084,0.0077102951044418
CENTRAL HAWKE'S BAY DISTRICT,212.0013218261553,1620152.4527519608,53.53947123089738,722056.5572310893,1.6201524527519608,0.7220565572310893,0.0216616967169326,0.0288822622892435,0.0361028278615544,scr_push,1.4005342712112343,0.0152639675145466,0.21961818154072654,0.0136182947746969
CENTRAL OTAGO DISTRICT,466.70350386409046,3546182.380833064,115.44873052641964,1547252.528994216,3.546182380833064,1.547252528994216,0.0464175758698264,0.0618901011597686,0.0773626264497108,scr_push,3.072535368262651,0.0319538765841533,0.4736470125704133,0.029936224575615296
CHRISTCHURCH CITY,910.2324161618304,6763507.533959179,216.8060215953577,2922079.3879739903,6.763507533959179,2.9220793879739904,0.0876623816392197,0.1168831755189596,0.1461039693986995,scr_push,5.884893087787285,0.0616434163649525,0.8786144461718939,0.055239759154007105
CLUTHA DISTRICT,536.8790288724092,4031150.4105095696,128.39233853625348,1719281.1347728693,4.03115041050957,1.7192811347728694,0.051578434043186,0.0687712453909147,0.0859640567386434,scr_push,3.503162937645409,0.0353583410500016,0.5279874728641607,0.0334129043409131
DUNEDIN CITY,429.2020491315995,3096527.329806117,92.41281607352845,1233379.3288149606,3.0965273298061167,1.2333793288149606,0.0370013798644488,0.0493351731525984,0.061668966440748,scr_push,2.710703263443168,0.0249981038943723,0.38582406636294886,0.024337069258226103
FAR NORTH DISTRICT,412.2182423402806,2849473.6986166346,78.69906139401044,1047308.6240607136,2.8494736986166345,1.0473086240607137,0.0314192587218214,0.0418923449624285,0.0523654312030356,scr_push,2.5085428695882968,0.0209495293349538,0.3409308290283377,0.020942815627474704
GISBORNE DISTRICT,499.97360456645214,3584072.8515070397,106.96196025930284,1431170.2444995586,3.5840728515070395,1.4311702444995589,0.0429351073349867,0.0572468097799823,0.0715585122249779,scr_push,3.139883170848877,0.0293188800113497,0.44418968065816244,0.027927929768632596
GORE DISTRICT,621.7518611502518,4756895.935054536,156.88774908989276,2106347.2126119807,4.756895935054536,2.106347212611981,0.0631904163783594,0.0842538885044792,0.105317360630599,scr_push,4.124921625298517,0.0437915890071769,0.6319743097560195,0.0404622994973023
GREY DISTRICT,115.42613003486466,842983.2770106266,25.774208975699494,345722.00802901795,0.8429832770106266,0.3457220080290179,0.0103716602408705,0.0138288803211607,0.0172861004014509,scr_push,0.7344804283165991,0.0071535091911133,0.10850284869402749,0.0066753711300474
HAMILTON CITY,861.3882938515482,6728242.609193839,229.54775796007223,3099139.3293238226,6.728242609193839,3.0991393293238225,0.0929741798797146,0.1239655731729529,0.1549569664661911,scr_push,5.809363233345271,0.0658685064219831,0.9188793758485678,0.0580970667509698
HASTINGS DISTRICT,771.7659136619548,6112960.442122486,216.08832863151292,2929982.4846810056,6.112960442122486,2.9299824846810054,0.0878994745404301,0.1171992993872402,0.1464991242340503,scr_push,5.259960600140723,0.0633541003925039,0.852999841981763,0.053845198994736304
HAURAKI DISTRICT,288.3315059921745,2097308.189232524,64.84294360125175,870261.9135772341,2.097308189232524,0.8702619135772341,0.026107857407317,0.0348104765430893,0.0435130956788617,scr_push,1.8305792605902729,0.0180515749181537,0.26672892864225095,0.016758901624935603
HOROWHENUA DISTRICT,382.0555675313023,2773135.068198467,84.25340667142136,1125965.0801740217,2.7731350681984672,1.1259650801740215,0.0337789524052206,0.0450386032069608,0.056298254008701,scr_push,2.4205452086886896,0.0229557216346537,0.3525898595097776,0.0220828815723071
HURUNUI DISTRICT,323.0692323905395,2377360.504895406,72.39598984039425,967804.4162845812,2.377360504895406,0.9678044162845812,0.0290341324885374,0.0387121766513832,0.048390220814229,scr_push,2.075917867712996,0.0197320061397213,0.3014426371824097,0.018980170511661898
INVERCARGILL CITY,845.9160075431453,6440782.909510894,210.24726871139583,2824068.853054137,6.440782909510894,2.824068853054137,0.0847220655916241,0.1129627541221654,0.1412034426527068,scr_push,5.5922364119966295,0.0587915820066904,0.8485464975142643,0.054171172115475
KAIKOURA DISTRICT,60.35016434423856,403690.2631993934,10.676245085504291,141155.82992585536,0.4036902631993934,0.1411558299258553,0.0042346748977756,0.0056462331970342,0.0070577914962927,scr_push,0.3561177267855578,0.0027489767646083,0.047572536413835576,0.0028972564324259
KAIPARA DISTRICT,296.0282722047645,2055016.6077855185,56.47196905487204,748526.6289843931,2.055016607785518,0.748526628984393,0.0224557988695317,0.0299410651593757,0.0374263314492196,scr_push,1.810338963274492,0.0147164063066793,0.24467764451102614,0.0152246588526964
KAPITI COAST DISTRICT,119.08142340566626,788177.6883667877,20.90657823193206,279185.2896518832,0.7881776883667877,0.2791852896518831,0.0083755586895564,0.0111674115860753,0.0139592644825941,scr_push,0.6971408817103086,0.0056672457177679,0.09103680665647906,0.0055001658683073995
KAWERAU DISTRICT,5.028401204787996,30004.831338466676,0.6592382778306936,8892.189192006716,0.0300048313384666,0.0088921891920067,0.0002667656757602,0.0003556875676802,0.0004446094596003,scr_push,0.0262431888803536,0.0001880186328313,0.0037616424581130015,0.00016766893484889997
LOWER HUTT CITY,39.26108811759057,285529.4901454886,8.57763848676049,115023.6525594996,0.2855294901454885,0.1150236525594996,0.0034507095767849,0.0046009461023799,0.0057511826279749,scr_push,0.2490457978918265,0.0023744207108029,0.03648369225366202,0.0022265253915770005
MACKENZIE DISTRICT,187.65783566349475,1421515.8430852816,45.68893173785748,611060.7544055606,1.4215158430852814,0.6110607544055605,0.0183318226321668,0.0244424301762224,0.030553037720278,scr_push,1.2345642757044004,0.0125072767188952,0.18695156738088103,0.011935153457327199
MANAWATU DISTRICT,383.8805722953613,2935477.3823922034,96.05893036527732,1287631.8182910238,2.935477382392204,1.2876318182910238,0.0386289545487307,0.0515052727316409,0.0643815909145512,scr_push,2.5450366168247656,0.0266002650006977,0.39044076556743823,0.024905007730943198
MARLBOROUGH DISTRICT,1412.8133844334366,11138077.425307035,380.4741580332147,5125831.372856727,11.138077425307037,5.125831372856727,0.1537749411857018,0.205033254914269,0.2562915686428363,scr_push,9.615131293152665,0.1080581282240769,1.522946132154372,0.09697512669019209
MASTERTON DISTRICT,197.97359628602885,1444883.72628324,43.80265919597088,586548.2237755469,1.44488372628324,0.5865482237755468,0.0175964467132664,0.0234619289510218,0.0293274111887773,scr_push,1.2613191786322346,0.01205059759485,0.18356454765100527,0.011411331356171799
MATAMATA-PIAKO DISTRICT,1090.8343014353586,8342551.86117062,272.63079446331346,3665468.902895879,8.34255186117062,3.665468902895879,0.1099640670868763,0.1466187561158351,0.1832734451447939,scr_push,7.232557854348387,0.0765633172250073,1.109994006822233,0.07005543889082781
NAPIER CITY,238.3687935075635,1783981.4905366711,56.660198692087775,759455.6412893848,1.783981490536671,0.7594556412893848,0.0227836692386815,0.0303782256515753,0.0379727820644692,scr_push,1.5525999340525511,0.0156857265538119,0.23138155648411995,0.0146924990977634
NELSON CITY,111.5593393164607,786112.0654347679,22.94830770356008,307278.6752714373,0.7861120654347679,0.3072786752714373,0.0092183602581431,0.0122911470108574,0.0153639337635718,scr_push,0.6903671495025453,0.0063135303610777,0.09574491593222256,0.0059776166497797
NEW PLYMOUTH DISTRICT,522.9005177726485,3609017.776305065,98.06161107028944,1299261.4931911589,3.609017776305064,1.2992614931911588,0.0389778447957347,0.0519704597276463,0.0649630746595579,scr_push,3.18645135092871,0.025485360631864,0.4225664253763539,0.0264850990957823
OPOTIKI DISTRICT,117.95395062300416,831936.2940718802,24.23244220768918,323474.51041621,0.8319362940718802,0.32347451041621,0.0097042353124863,0.0129389804166483,0.0161737255208105,scr_push,0.7288887409642246,0.0065700407320445,0.10304755310765557,0.0063689396846038
OTOROHANGA DISTRICT,268.179886942269,2014722.6137378851,65.03107972480808,873594.8284263974,2.0147226137378853,0.8735948284263974,0.0262078448527919,0.0349437931370558,0.0436797414213198,scr_push,1.7534829923406692,0.0181892676871464,0.2612396213972161,0.016754525449909397
PALMERSTON NORTH CITY,742.2436245459617,5528895.959040976,175.14412927710572,2357375.0930168647,5.528895959040976,2.3573750930168647,0.0707212527905059,0.0942950037206745,0.1178687546508432,scr_push,4.810163628036168,0.0494460060347705,0.7187323310048077,0.044848997685903995
PORIRUA CITY,50.5593880532853,391397.06244405766,12.668884301023825,170524.11589354812,0.3913970624440576,0.1705241158935481,0.0051157234768064,0.0068209646357419,0.0085262057946774,scr_push,0.3413799232320892,0.0035704450098537,0.050017139211968376,0.0032505196258881997
QUEENSTOWN-LAKES DISTRICT,210.0831162620112,1556425.9141367353,47.77413228724364,636928.8363625931,1.5564259141367354,0.6369288363625931,0.0191078650908777,0.0254771534545037,0.0318464418181296,scr_push,1.3592592702183128,0.0128472444483086,0.19716664391842254,0.012629909006195102
RANGITIKEI DISTRICT,352.95969940274193,2698752.25501493,89.37828860347307,1204580.0363178786,2.69875225501493,1.204580036317879,0.0361374010895363,0.0481832014527151,0.0602290018158939,scr_push,2.337476688268415,0.0254205767554592,0.36127556674651506,0.022762624697255904
ROTORUA DISTRICT,429.4056990569468,3444000.55859937,120.59663883466492,1626060.2446409303,3.4440005585993703,1.6260602446409302,0.0487818073392279,0.0650424097856372,0.0813030122320465,scr_push,2.966561007354609,0.034402217736039,0.47743955124476134,0.030640192049598204
RUAPEHU DISTRICT,165.24533955955798,1209169.910305061,36.96371076030541,495379.4536067872,1.2091699103050608,0.4953794536067871,0.0148613836082036,0.0198151781442714,0.0247689726803393,scr_push,1.05527127113511,0.0102099857238365,0.15389863916995083,0.009605192420434899
SELWYN DISTRICT,605.2736196007075,4335090.585816268,130.24645498046695,1745176.06148758,4.335090585816268,1.74517606148758,0.0523552818446274,0.0698070424595032,0.087258803074379,scr_push,3.7978523982735553,0.0359454884470945,0.5372381875427124,0.0338615540124087
SOUTH TARANAKI DISTRICT,554.135716787623,4052709.719153312,123.41678531424928,1650981.499460339,4.052709719153311,1.6509814994603391,0.0495294449838101,0.0660392599784135,0.0825490749730169,scr_push,3.5363713063141637,0.0337878663717214,0.5163384128391475,0.0322513936066921
SOUTH WAIKATO DISTRICT,382.209602586904,3048574.682278757,105.8346395590753,1422715.4797190886,3.048574682278757,1.4227154797190886,0.0426814643915726,0.0569086191887635,0.0711357739859544,scr_push,2.628109140136822,0.0297550293517494,0.420465542141935,0.0271535898370141
SOUTH WAIRARAPA DISTRICT,181.1856184224424,1360494.2035622771,42.31696276679155,565412.5022444178,1.3604942035622771,0.5654125022444177,0.0169623750673325,0.0226165000897767,0.0282706251122208,scr_push,1.1866897250214266,0.0115025182717198,0.17380447854085057,0.011113981818056902
SOUTHLAND DISTRICT,1365.8541558950028,10461967.594798235,344.6321958275984,4627921.79269709,10.461967594798235,4.62792179269709,0.1388376537809127,0.1851168717078836,0.2313960896348545,scr_push,9.068056144146444,0.0962550859675614,1.3939114506517907,0.0888617857403222
STRATFORD DISTRICT,177.6794182281247,1282305.817181521,38.22364114609026,509420.7811682503,1.2823058171815211,0.5094207811682503,0.0152826234350475,0.02037683124673,0.0254710390584125,scr_push,1.1215635026361326,0.010260509374518,0.16074231454538856,0.010116321872212
TARARUA DISTRICT,378.7291616759216,2823562.967633581,90.7982907766346,1222680.5123739552,2.8235629676335807,1.2226805123739553,0.0366804153712186,0.0489072204949582,0.0611340256186977,scr_push,2.4517973457199296,0.0257146198018853,0.37176562191365115,0.023192600693072902
TASMAN DISTRICT,867.4433169845638,6052224.931812022,171.71600591393218,2291942.159158756,6.052224931812022,2.291942159158756,0.0687582647747626,0.0916776863663502,0.1145971079579378,scr_push,5.33159561090429,0.0464457347225647,0.7206293209077321,0.0452319516437855
TAUPO DISTRICT,263.89475607580795,2129955.1281201416,75.45295575698925,1017230.5942958948,2.129955128120141,1.0172305942958948,0.0305169178288768,0.0406892237718357,0.0508615297147947,scr_push,1.8318424403939235,0.0215057589184449,0.29811268772621746,0.019183464853390803
TAURANGA CITY,382.9281411902174,2932699.1001732904,98.70999692094216,1334884.9380038406,2.9326991001732905,1.3348849380038406,0.0400465481401152,0.0533953975201536,0.066744246900192,scr_push,2.538127453650063,0.0285495987854261,0.3945716465232274,0.024845798734727496
THAMES-COROMANDEL DISTRICT,244.27677480252845,1754816.925013563,52.17912927081052,698034.9780152966,1.7548169250135626,0.6980349780152967,0.0209410493404589,0.0279213991206118,0.0349017489007648,scr_push,1.5385802898240062,0.0142729493787435,0.21623663518955638,0.013648449741868301
TIMARU DISTRICT,1073.432502865356,7890583.767077709,244.02644614251363,3265121.9117499194,7.890583767077708,3.2651219117499197,0.0979536573524975,0.1306048764699967,0.163256095587496,scr_push,6.884044131514043,0.0668869542672813,1.0065396355636658,0.06371792220271538
UPPER HUTT CITY,36.46201007498336,256333.4242483799,7.151747011391673,94651.6034798828,0.2563334242483799,0.0946516034798827,0.0028395481043964,0.0037860641391953,0.0047325801739941,scr_push,0.2252440613573451,0.0018505642650937,0.03108936289103481,0.0019354998741015997
WAIKATO DISTRICT,733.0743901278075,5515022.282175048,175.22254618408965,2343774.35841104,5.515022282175048,2.34377435841104,0.0703132307523311,0.0937509743364416,0.117188717920552,scr_push,4.795341988475544,0.0479720179032039,0.7196802936995041,0.0457789564332377
WAIMAKARIRI DISTRICT,504.51979793761245,3454629.535178282,95.93619228342791,1281961.2912773823,3.454629535178282,1.2819612912773826,0.0384588387383214,0.0512784516510953,0.0640980645638691,scr_push,3.047790030293393,0.0260896951765996,0.40683950488488874,0.0251887564744957
WAIMATE DISTRICT,363.9401013010852,2701063.447323931,85.50726340341848,1148053.8581238503,2.7010634473239308,1.1480538581238506,0.0344416157437155,0.045922154324954,0.0574026929061925,scr_push,2.351741345819783,0.0238505575660284,0.34932210150414766,0.022071596758925602
WAIPA DISTRICT,842.1897176348002,6359072.785086346,202.2798212122006,2711379.6555885244,6.3590727850863455,2.7113796555885243,0.0813413896676557,0.1084551862235409,0.1355689827794262,scr_push,5.534265582287926,0.0559165670422969,0.8248072027984197,0.052538619181244
WAIROA DISTRICT,63.73102903949461,440429.7451276127,12.31709909908919,163986.93839636576,0.4404297451276127,0.1639869383963657,0.0049196081518909,0.0065594775358546,0.0081993469198182,scr_push,0.3883810478057118,0.0032889341263467,0.05204869732190087,0.0032705434095078997
WAITAKI DISTRICT,695.762179642879,5079701.983098013,156.3338232254809,2093146.99320528,5.079701983098014,2.09314699320528,0.0627944097961583,0.0837258797282111,0.1046573496602639,scr_push,4.430342683132397,0.0430080207308692,0.6493592999656164,0.040717858997341906
WAITOMO DISTRICT,139.82951290958047,1084724.5093261274,36.672923590979735,493569.5151389502,1.0847245093261273,0.4935695151389502,0.0148070854541685,0.019742780605558,0.0246784757569475,scr_push,0.9374475132435094,0.0103743562049815,0.1472769960826179,0.009368424400576501
WELLINGTON CITY,291.47978273623136,2449081.7769194557,91.73075002298478,1241510.5597944665,2.449081776919455,1.2415105597944665,0.0372453167938339,0.0496604223917786,0.0620755279897233,scr_push,2.0926460661883146,0.026672492287329,0.35643571073114044,0.0229879301044496
WESTERN BAY OF PLENTY DISTRICT,570.1718752248761,4331788.667410314,145.13729537342206,1965673.3084137288,4.331788667410314,1.9656733084137288,0.0589701992524118,0.0786269323365491,0.0982836654206864,scr_push,3.746247264286272,0.0422997586905427,0.5855414031240422,0.036327173646006405
WESTLAND DISTRICT,110.95131434582248,803043.5623562091,23.095915997079715,304897.0982035548,0.8030435623562091,0.3048970982035548,0.0091469129461066,0.0121958839281421,0.0152448549101777,scr_push,0.7051931710153457,0.0058858606301349,0.09785039134086337,0.006310023298007201
WHAKATANE DISTRICT,328.420419287488,2457333.893162758,77.71482548303212,1042553.8928823186,2.457333893162758,1.0425538928823186,0.0312766167864695,0.0417021557152927,0.0521276946441159,scr_push,2.137458978949544,0.0215841572912483,0.319874914213214,0.0201179984240444
WHANGANUI DISTRICT,168.7257309555788,1213860.5946714312,37.17200388415071,499409.1584322727,1.2138605946714311,0.4994091584322727,0.0149822747529681,0.0199763663372909,0.0249704579216136,scr_push,1.0586416264701473,0.0104018765711969,0.1552189682012839,0.009574489766094
WHANGAREI DISTRICT,622.5160584335971,4779694.320655315,160.3617750139217,2169186.2867592927,4.779694320655315,2.1691862867592926,0.0650755886027787,0.0867674514703717,0.1084593143379646,scr_push,4.137983852561668,0.0464111512332905,0.6417104680936472,0.04035630023708119
,97.84386394766987,775483.5485715577,27.35638831561149,370363.4789754181,0.7754835485715578,0.3703634789754181,0.0111109043692625,0.0148145391590167,0.0185181739487709,scr_push,0.6671247381845931,0.0079654341782733,0.10835881038696471,0.006849104980743401
ASHBURTON DISTRICT,1768.537907490089,11906693.070506996,269.7020502047847,3401546.20145014,11.906693070506996,3.4015462014501403,0.1020463860435042,0.1360618480580056,0.170077310072507,delayed_replacement,11.548300232706268,0.1194015038634313,0.3583928378007286,0.01666034419457431
AUCKLAND,2522.8001626490627,17130979.400619097,406.393229177579,5138576.038849304,17.130979400619097,5.138576038849304,0.1541572811654791,0.2055430415539721,0.2569288019424652,delayed_replacement,16.627994866371708,0.1811289701290834,0.5029845342473891,0.02441407142488869
BULLER DISTRICT,110.9971332115145,770597.4147946216,18.16745321431683,228943.60907931684,0.7705974147946216,0.2289436090793168,0.0068683082723795,0.0091577443631726,0.0114471804539658,delayed_replacement,0.7489319635990345,0.0080257813720318,0.02166545119558716,0.0011319629911407999
CARTERTON DISTRICT,126.7187905828495,854065.7614606594,18.505075884464805,233570.44244343,0.8540657614606595,0.23357044244343,0.0070071132733029,0.0093428176977372,0.0116785221221715,delayed_replacement,0.8266526635896172,0.0081914403819712,0.02741309787104229,0.0011513773157659987
CENTRAL HAWKE'S BAY DISTRICT,212.0013218261553,1448055.347482031,34.21959165336152,433142.17317616433,1.448055347482031,0.4331421731761643,0.0129942651952849,0.0173256869270465,0.0216571086588082,delayed_replacement,1.4005342712112343,0.0152639675145466,0.047521076270796714,0.002061719412499899
CENTRAL OTAGO DISTRICT,466.7035038640905,3171143.8067403487,72.50660519175996,912150.6351929214,3.171143806740349,0.9121506351929214,0.0273645190557876,0.0364860254077168,0.045607531759646,delayed_replacement,3.072535368262651,0.0319538765841533,0.09860843847769818,0.004532148823563502
CHRISTCHURCH CITY,910.2324161618304,6065918.013082092,138.38284902647413,1750048.6558594157,6.065918013082092,1.7500486558594155,0.0525014596757824,0.0700019462343766,0.0875024327929707,delayed_replacement,5.884893087787285,0.0616434163649525,0.18102492529480685,0.008358529869424099
CLUTHA DISTRICT,536.8790288724092,3614478.167454261,80.25027852284538,1009915.5551085576,3.61447816745426,1.0099155551085577,0.0302974666532567,0.0403966222043423,0.0504957777554278,delayed_replacement,3.503162937645409,0.0353583410500016,0.11131522980885089,0.0050382811543406986
DUNEDIN CITY,429.2020491315995,2796578.519157604,56.94630475378322,715832.277512833,2.796578519157604,0.715832277512833,0.0214749683253849,0.0286332911005133,0.0357916138756416,delayed_replacement,2.710703263443168,0.0249981038943723,0.085875255714436,0.0036351872061410016
FAR NORTH DISTRICT,412.2182423402806,2594764.0769846607,47.82982265411438,600829.6863971361,2.5947640769846605,0.6008296863971361,0.018024890591914,0.0240331874558854,0.0300414843198568,delayed_replacement,2.5085428695882968,0.0209495293349538,0.08622120739636374,0.003083658120931601
GISBORNE DISTRICT,499.97360456645214,3238075.615444605,66.51435498981647,837314.5590421325,3.2380756154446053,0.8373145590421325,0.0251194367712639,0.0334925823616853,0.0418657279521066,delayed_replacement,3.139883170848877,0.0293188800113497,0.09819244459572829,0.004173702350335599
GORE DISTRICT,621.7518611502517,4248267.7461535,99.05468129968294,1248246.2343150035,4.2482677461535,1.2482462343150038,0.0374473870294501,0.0499298493726001,0.0624123117157501,delayed_replacement,4.124921625298517,0.0437915890071769,0.12334612085498353,0.006138260365423205
GREY DISTRICT,115.42613003486466,759929.0920783315,16.15757658309503,203776.5674842609,0.7599290920783315,0.2037765674842609,0.0061132970245278,0.0081510626993704,0.010188828374213,delayed_replacement,0.7344804283165991,0.0071535091911133,0.025448663761732382,0.0009975535082571005
HAMILTON CITY,861.3882938515482,5989626.238906527,147.63945050344796,1867597.5155786143,5.989626238906527,1.8675975155786144,0.0560279254673584,0.0747039006231445,0.0933798757789307,delayed_replacement,5.809363233345271,0.0658685064219831,0.18026300556125552,0.008835394201161403
HASTINGS DISTRICT,771.7659136619546,5419788.559332329,141.22711637861178,1790062.9768571754,5.4197885593323285,1.7900629768571754,0.0537018893057152,0.071602519074287,0.0895031488428587,delayed_replacement,5.259960600140723,0.0633541003925039,0.1598279591916052,0.008248418681783096
HAURAKI DISTRICT,288.33150599217447,1887766.5972465368,40.7852038846636,514393.6013415549,1.8877665972465367,0.5143936013415549,0.0154318080402466,0.0205757440536622,0.0257196800670777,delayed_replacement,1.8305792605902729,0.0180515749181537,0.057187336656263854,0.0025241691355085
HOROWHENUA DISTRICT,382.0555675313023,2499505.4481126573,52.22935399175393,656775.6246641293,2.4995054481126573,0.6567756246641293,0.0197032687399238,0.0262710249865651,0.0328387812332064,delayed_replacement,2.4205452086886896,0.0229557216346537,0.07896023942396768,0.0033153033519114014
HURUNUI DISTRICT,323.0692323905395,2143228.779080145,44.78017181761309,564063.770076877,2.143228779080145,0.564063770076877,0.0169219131023063,0.022562550803075,0.0282031885038438,delayed_replacement,2.075917867712996,0.0197320061397213,0.06731091136714884,0.002830544663353699
INVERCARGILL CITY,845.9160075431453,5760859.87219695,132.7553775034843,1674579.9379451908,5.76085987219695,1.6745799379451909,0.0502373981383557,0.0669831975178076,0.0837289968972595,delayed_replacement,5.5922364119966295,0.0587915820066904,0.1686234602003207,0.008191615511117196
KAIKOURA DISTRICT,60.35016434423856,368700.8754324268,6.362754788505558,79446.00252343336,0.3687008754324268,0.0794460025234333,0.002383380075703,0.0031778401009373,0.0039723001261716,delayed_replacement,0.3561177267855578,0.0027489767646083,0.012583148646868991,0.00042886333632900005
KAIPARA DISTRICT,296.0282722047645,1871180.7498874145,33.837176460591635,423969.1967546776,1.8711807498874145,0.4239691967546776,0.0127190759026403,0.0169587678701871,0.0211984598377338,delayed_replacement,1.810338963274492,0.0147164063066793,0.0608417866129225,0.0022423615635077995
KAPITI COAST DISTRICT,119.08142340566626,720603.9374027308,12.87682698997645,162090.00642548446,0.7206039374027308,0.1620900064254844,0.0048627001927645,0.0064836002570193,0.0081045003212742,delayed_replacement,0.6971408817103086,0.0056672457177679,0.02346305569242213,0.0008163545392513996
KAWERAU DISTRICT,5.028401204787996,27939.94832270021,0.4180624453433046,5300.04717162269,0.0279399483227002,0.0053000471716226,0.0001590014151486,0.0002120018868649,0.0002650023585811,delayed_replacement,0.0262431888803536,0.0001880186328313,0.0016967594423465994,2.39832540336e-05
LOWER HUTT CITY,39.26108811759057,257970.3482606496,5.355684672244485,67629.80816976295,0.2579703482606496,0.0676298081697629,0.0020288942450928,0.0027051923267905,0.0033814904084881,delayed_replacement,0.2490457978918265,0.0023744207108029,0.008924550368823086,0.0003307716159876
MACKENZIE DISTRICT,187.65783566349475,1272908.0605271563,28.456478554994163,357697.73499070003,1.2729080605271563,0.3576977349907,0.010730932049721,0.014307909399628,0.017884886749535,delayed_replacement,1.2345642757044004,0.0125072767188952,0.03834378482275591,0.0018006326807328
MANAWATU DISTRICT,383.8805722953613,2623650.29150369,60.31238969955686,759231.7251340507,2.62365029150369,0.7592317251340507,0.0227769517540215,0.030369269005362,0.0379615862567025,delayed_replacement,2.5450366168247656,0.0266002650006977,0.07861367467892455,0.0037690040046642996
MARLBOROUGH DISTRICT,1412.8133844334366,9910847.166625056,243.0410211740139,3069331.439578352,9.910847166625054,3.069331439578352,0.0920799431873505,0.122773257583134,0.1534665719789176,delayed_replacement,9.615131293152665,0.1080581282240769,0.29571587347238903,0.014715129359057097
MASTERTON DISTRICT,197.97359628602885,1303485.7438123284,27.287673248796118,343833.3470764085,1.3034857438123284,0.3438333470764085,0.0103150004122922,0.0137533338830563,0.0171916673538204,delayed_replacement,1.2613191786322346,0.01205059759485,0.04216656518009376,0.001702736288206299
MATAMATA-PIAKO DISTRICT,1090.8343014353588,7463239.386896213,172.492818862431,2178349.2300592083,7.463239386896213,2.1783492300592084,0.0653504769017762,0.0871339692023683,0.1089174615029604,delayed_replacement,7.232557854348387,0.0765633172250073,0.23068153254782597,0.010570651977360998
NAPIER CITY,238.36879350756357,1600452.3728599115,35.545690917199046,447449.104517281,1.6004523728599116,0.447449104517281,0.0134234731355184,0.0178979641806912,0.022372455225864,delayed_replacement,1.5525999340525511,0.0156857265538119,0.04785243880736045,0.002212237626879301
NELSON CITY,111.55933931646068,712025.4042061514,14.300597819362787,180130.8950024123,0.7120254042061513,0.1801308950024122,0.0054039268500723,0.0072052358000964,0.0090065447501206,delayed_replacement,0.6903671495025453,0.0063135303610777,0.02165825470360605,0.0008917054390186994
NEW PLYMOUTH DISTRICT,522.9005177726485,3290011.8402578244,58.597062131524495,734447.3847893451,3.2900118402578244,0.7344473847893451,0.0220334215436803,0.0293778953915738,0.0367223692394672,delayed_replacement,3.18645135092871,0.025485360631864,0.10356048932911444,0.003892534759709798
OPOTIKI DISTRICT,117.95395062300412,753327.0914780747,14.974131880566102,187981.0298394345,0.7533270914780746,0.1879810298394345,0.005639430895183,0.0075192411935773,0.0093990514919717,delayed_replacement,0.7288887409642246,0.0065700407320445,0.024438350513850016,0.0009492004615328006
OTOROHANGA DISTRICT,268.179886942269,1804274.7846860904,41.06883593061199,518206.2401258566,1.8042747846860905,0.5182062401258566,0.0155461872037756,0.0207282496050342,0.0259103120062928,delayed_replacement,1.7534829923406692,0.0181892676871464,0.050791792345421305,0.0025389819178877997
PALMERSTON NORTH CITY,742.2436245459618,4966175.545813626,111.10324528664869,1404574.9461313311,4.966175545813626,1.404574946131331,0.0421372483839399,0.0561829978452532,0.0702287473065665,delayed_replacement,4.810163628036168,0.0494460060347705,0.15601191777745793,0.0067369918104826995
PORIRUA CITY,50.5593880532853,350860.92248466384,8.001839523571086,101387.82482132352,0.3508609224846638,0.1013878248213235,0.0030416347446397,0.0040555129928529,0.0050693912410661,delayed_replacement,0.3413799232320892,0.0035704450098537,0.009480999252574562,0.0004850679829992003
QUEENSTOWN-LAKES DISTRICT,210.0831162620112,1400980.4330250288,29.323615141956296,368451.5976933309,1.4009804330250288,0.3684515976933308,0.0110535479307999,0.0147380639077332,0.0184225798846665,delayed_replacement,1.3592592702183128,0.0128472444483086,0.041721162806716006,0.001890819459424601
RANGITIKEI DISTRICT,352.959699402742,2410868.0727135446,57.10737319721896,721754.7282494123,2.4108680727135448,0.7217547282494122,0.0216526418474823,0.0288701891299764,0.0360877364124706,delayed_replacement,2.337476688268415,0.0254205767554592,0.07339138444512994,0.0034496123745171997
ROTORUA DISTRICT,429.4056990569468,3054730.5631546224,77.3317284922979,976761.7774868612,3.0547305631546227,0.9767617774868612,0.0293028533246058,0.0390704710994744,0.048838088874343,delayed_replacement,2.966561007354609,0.034402217736039,0.08816955580001373,0.004668253363435404
RUAPEHU DISTRICT,165.245339559558,1089932.241998856,23.087873015660364,291131.1272997466,1.089932241998856,0.2911311272997466,0.0087339338189923,0.0116452450919898,0.0145565563649873,delayed_replacement,1.05527127113511,0.0102099857238365,0.03466097086374598,0.001435259368153299
SELWYN DISTRICT,605.2736196007075,3913962.5972924777,81.3733443920727,1025662.1572822088,3.913962597292478,1.0256621572822089,0.0307698647184662,0.0410264862912883,0.0512831078641104,delayed_replacement,3.7978523982735553,0.0359454884470945,0.11611019901892261,0.005080997844193802
SOUTH TARANAKI DISTRICT,554.1357167876229,3653431.110279989,76.67103466843376,965159.8838525224,3.653431110279989,0.9651598838525224,0.0289547965155756,0.0386063953541008,0.0482579941926261,delayed_replacement,3.5363713063141637,0.0337878663717214,0.11705980396582527,0.004818528982379396
SOUTH WAIKATO DISTRICT,382.209602586904,2705227.945023164,67.25339687759607,847336.7838948997,2.705227945023164,0.8473367838948996,0.0254201035168469,0.0338934713557959,0.0423668391947449,delayed_replacement,2.628109140136822,0.0297550293517494,0.07711880488634204,0.004138442004046502
SOUTH WAIRARAPA DISTRICT,181.1856184224424,1223487.0088490392,26.128657787483743,329035.0149224556,1.2234870088490393,0.3290350149224555,0.0098710504476736,0.0131614005968982,0.0164517507461227,delayed_replacement,1.1866897250214266,0.0115025182717198,0.036797283827612715,0.0016588823251784002
SOUTHLAND DISTRICT,1365.8541558950028,9345978.338626863,217.52976168062384,2742934.437012653,9.345978338626866,2.7429344370126527,0.0822880331103795,0.1097173774805061,0.1371467218506326,delayed_replacement,9.068056144146444,0.0962550859675614,0.2779221944804213,0.013462291512944702
STRATFORD DISTRICT,177.6794182281247,1157972.5504213134,23.428604821938,294306.41914682114,1.1579725504213134,0.2943064191468211,0.0088291925744046,0.0117722567658728,0.014715320957341,delayed_replacement,1.1215635026361326,0.010260509374518,0.03640904778518084,0.0015117473913548
TARARUA DISTRICT,378.7291616759216,2531014.672885415,57.82976470645896,730549.6043288701,2.5310146728854157,0.7305496043288701,0.0219164881298661,0.0292219841731548,0.0365274802164435,delayed_replacement,2.4517973457199296,0.0257146198018853,0.07921732716548613,0.0035073643712695
TASMAN DISTRICT,867.4433169845639,5496892.677175912,105.6446124742268,1328842.860916157,5.496892677175912,1.328842860916157,0.0398652858274847,0.0531537144366462,0.0664421430458078,delayed_replacement,5.33159561090429,0.0464457347225647,0.16529706627162177,0.006707979714081505
TAUPO DISTRICT,263.89475607580795,1885987.820640665,48.36833638367123,610970.4361748811,1.885987820640665,0.6109704361748811,0.0183291130852464,0.0244388174469952,0.030548521808744,delayed_replacement,1.8318424403939235,0.0215057589184449,0.05414538024674154,0.0029330585285502996
TAURANGA CITY,382.9281411902174,2615729.003189582,63.823120141483074,808327.3612270888,2.615729003189582,0.8083273612270888,0.0242498208368126,0.0323330944490835,0.0404163680613544,delayed_replacement,2.538127453650063,0.0285495987854261,0.07760154953951881,0.0037834956636573977
THAMES-COROMANDEL DISTRICT,244.27677480252848,1586087.1076609134,32.36041704530854,407815.3344197717,1.586087107660913,0.4078153344197717,0.0122344600325931,0.0163126133767908,0.0203907667209885,delayed_replacement,1.5385802898240062,0.0142729493787435,0.04750681783690691,0.0020396639980473
TIMARU DISTRICT,1073.432502865356,7099272.820611696,151.85570961515103,1911523.6148391669,7.099272820611696,1.9115236148391668,0.057345708445175,0.0764609445935666,0.0955761807419583,delayed_replacement,6.884044131514043,0.0668869542672813,0.21522868909765336,0.009573990326285295
UPPER HUTT CITY,36.46201007498336,232971.21725933655,4.271477103068934,53402.29812479044,0.2329712172593366,0.0534022981247904,0.0016020689437437,0.0021360919249916,0.0026701149062395,delayed_replacement,0.2252440613573451,0.0018505642650937,0.007727155901991495,0.0002855276598978998
WAIKATO DISTRICT,733.0743901278075,4945939.038371115,109.04110884120546,1371580.0497767392,4.945939038371115,1.3715800497767392,0.0411474014933021,0.0548632019910695,0.0685790024888369,delayed_replacement,4.795341988475544,0.0479720179032039,0.15059704989557154,0.006891184087865598
WAIMAKARIRI DISTRICT,504.51979793761245,3144884.388188134,59.20486999928806,745697.4682345106,3.144884388188134,0.7456974682345107,0.0223709240470353,0.0298278987293804,0.0372848734117255,delayed_replacement,3.047790030293393,0.0260896951765996,0.09709435789474075,0.0037382035527807993
WAIMATE DISTRICT,363.9401013010853,2424767.91259056,53.8576655236294,679471.8265605797,2.42476791259056,0.6794718265605797,0.0203841547968173,0.0271788730624231,0.0339735913280289,delayed_replacement,2.351741345819783,0.0238505575660284,0.07302656677077701,0.0033283154963947015
WAIPA DISTRICT,842.1897176348002,5705270.766894052,126.48569697685092,1595163.1795607582,5.705270766894052,1.595163179560758,0.0478548953868227,0.0638065271824303,0.0797581589780379,delayed_replacement,5.534265582287926,0.0559165670422969,0.17100518460612602,0.007889960140133392
WAIROA DISTRICT,63.73102903949461,400399.9977892767,7.518079991218664,94378.1578860108,0.4003999977892766,0.0943781578860108,0.0028313447365803,0.0037751263154404,0.0047189078943005,delayed_replacement,0.3883810478057118,0.0032889341263467,0.012018949983564786,0.0004861921890937002
WAITAKI DISTRICT,695.762179642879,4573053.949973567,97.56538627279002,1228222.9923430076,4.573053949973567,1.2282229923430077,0.0368466897702902,0.0491289196937203,0.0614111496171503,delayed_replacement,4.430342683132397,0.0430080207308692,0.14271126684116986,0.006120898962851097
WAITOMO DISTRICT,139.82951290958044,966027.396694664,23.402849815473523,295001.1706712683,0.966027396694664,0.2950011706712683,0.008850035120138,0.0118000468268507,0.0147500585335634,delayed_replacement,0.9374475132435094,0.0103743562049815,0.028579883451154586,0.0014256906218692005
WELLINGTON CITY,291.47978273623136,2153134.8130202186,59.710384790739056,755333.7500514832,2.153134813020219,0.7553337500514832,0.0226600125015444,0.0302133500020593,0.0377666875025741,delayed_replacement,2.0926460661883146,0.026672492287329,0.060488746831904194,0.0035408577147303007
WESTERN BAY OF PLENTY DISTRICT,570.171875224876,3866893.001085581,94.35317585888558,1195677.7825468318,3.866893001085581,1.1956777825468317,0.0358703334764049,0.0478271113018732,0.0597838891273415,delayed_replacement,3.746247264286272,0.0422997586905427,0.12064573679930923,0.005527352611330499
WESTLAND DISTRICT,110.95131434582244,727264.5848148031,13.639904499708924,170498.0184328473,0.727264584814803,0.1704980184328473,0.0051149405529854,0.0068199207373138,0.0085249009216423,delayed_replacement,0.7051931710153457,0.0058858606301349,0.022071413799457318,0.0009340601071788999
WHAKATANE DISTRICT,328.4204192874879,2206362.2978648324,48.779627370692594,615146.779637552,2.2063622978648323,0.6151467796375519,0.0184544033891265,0.024605871185502,0.0307573389818776,delayed_replacement,2.137458978949544,0.0215841572912483,0.06890331891528811,0.003021713894253701
WHANGANUI DISTRICT,168.7257309555788,1093922.7720212706,23.45920686124061,296106.1258444822,1.0939227720212703,0.2961061258444822,0.0088831837753344,0.0118442450337792,0.0148053062922241,delayed_replacement,1.0586416264701473,0.0104018765711969,0.03528114555112305,0.0014423684625823
WHANGAREI DISTRICT,622.5160584335971,4265867.89020657,103.60980462016,1313439.1471697728,4.26586789020657,1.3134391471697728,0.0394031744150931,0.0525375658867909,0.0656719573584886,delayed_replacement,4.137983852561668,0.0464111512332905,0.1278840376449022,0.006126414653500396
,97.84386394766987,687510.4196724518,17.806936511876177,225353.9192543447,0.6875104196724517,0.2253539192543447,0.0067606175776303,0.0090141567701737,0.0112676959627172,delayed_replacement,0.6671247381845931,0.0079654341782733,0.020385681487858687,0.0010487225919004004
